0.000000000000000000e+00,0.000000000000000000e+00,9.000000000000000000e+01,1.800000000000000000e+02,1.370956450700759888e-01,8.902764129638671875e+01,1.802930603027343750e+02,7.695212050649499202e-01,3.982457995716134902e-01,-5.754628944075524943e-01,4.994136375519238058e-01,-5.606923439602045089e-01,8.441394211168150585e-01,5.301205568598077456e-01,6.988547321924163391e-01,-7.334997723899966404e-01
5.000000000000000000e-01,6.584027692403608079e+00,9.050000000000000000e+01,1.800000000000000000e+02,1.370956450700759888e-01,8.902764129638671875e+01,1.802930603027343750e+02,7.695212050649499202e-01,3.982457995716134902e-01,-5.754628944075524943e-01,4.994136375519238058e-01,-5.606923439602045089e-01,8.441394211168150585e-01,5.301205568598077456e-01,6.988547321924163391e-01,-7.334997723899966404e-01
1.000000000000000000e+00,1.284694856514546579e+01,9.100000000000000000e+01,1.800000000000000000e+02,2.577427625656127930e+00,8.921992492675779829e+01,1.802770538330077841e+02,7.688661278039559122e-01,3.978345594940805863e-01,-5.754628944075524943e-01,4.994039965589122665e-01,-5.607003183429625226e-01,8.441394211168150585e-01,5.301199632586673927e-01,6.988541042966459615e-01,-7.334997723899966404e-01
1.500000000000000000e+00,1.880442318261719592e+01,9.150000000000000000e+01,1.800000000000000000e+02,9.768150329589843750e+00,8.944268035888671875e+01,1.801036071777343750e+02,7.682584289138931766e-01,3.971439233681127168e-01,-5.758964573945489773e-01,4.993755406681561482e-01,-5.607249395154869642e-01,8.441190561343463461e-01,5.301198063746018763e-01,6.988536847761779303e-01,-7.335002161477820470e-01
2.000000000000000000e+00,2.447134833447245583e+01,9.200000000000000000e+01,1.800000000000000000e+02,1.805936241149902344e+01,9.012666320800781250e+01,1.799626922607421875e+02,7.679255380703570166e-01,3.966747875140102519e-01,-5.764296197453910864e-01,4.993477144171756810e-01,-5.607554986188608703e-01,8.440926151783132436e-01,5.301198183366628847e-01,6.988536515563847917e-01,-7.335003049801508412e-01
2.500000000000000000e+00,2.986189428536034285e+01,9.250000000000000000e+01,1.800000000000000000e+02,2.215760421752929688e+01,9.115156555175781250e+01,1.799419860839843750e+02,7.675281328232115285e-01,3.963440423281491820e-01,-5.768957317706152610e-01,4.993279164420251215e-01,-5.607830033116584234e-01,8.440624092137707368e-01,5.301197982516556717e-01,6.988536386400663325e-01,-7.335002691102930905e-01
3.000000000000000000e+00,3.498954020796808351e+01,9.300000000000000000e+01,1.800000000000000000e+02,2.470926475524902344e+01,9.222803497314453125e+01,1.799654235839843750e+02,7.668418579160857229e-01,3.958297311139129526e-01,-5.773237733210599965e-01,4.993186667947289714e-01,-5.607991601874420251e-01,8.440399629837084250e-01,5.301197858499836491e-01,6.988536178319653125e-01,-7.335002824916205810e-01
3.500000000000000000e+00,3.986710788797368821e+01,9.350000000000000000e+01,1.800000000000000000e+02,2.595994758605957031e+01,9.269570922851562500e+01,1.799794921875000000e+02,7.655913179678957015e-01,3.949053227621768247e-01,-5.780165475677867537e-01,4.993111217729055418e-01,-5.608064019626569641e-01,8.440273133702848041e-01,5.301197814726270607e-01,6.988536104516900327e-01,-7.335002948745891205e-01
4.000000000000000000e+00,4.450679378518869100e+01,9.400000000000000000e+01,1.800000000000000000e+02,3.054774093627930043e+01,9.320791625976562500e+01,1.799806671142578125e+02,7.642118871079649489e-01,3.935310199135445552e-01,-5.790324423682120525e-01,4.993060688636296596e-01,-5.608115327437768194e-01,8.440223888035417454e-01,5.301197785774448556e-01,6.988536073805574622e-01,-7.335003000525551764e-01
4.500000000000000000e+00,4.892019953106060370e+01,9.450000000000000000e+01,1.800000000000000000e+02,4.039793777465820312e+01,9.381494903564453125e+01,1.799807586669921875e+02,7.635867672500039616e-01,3.925071038002399537e-01,-5.800525520903807575e-01,4.993018079565987866e-01,-5.608164593774923601e-01,8.440173862440514263e-01,5.301197757979156933e-01,6.988536045878028791e-01,-7.335003030150351044e-01
5.000000000000000000e+00,5.311836093879448839e+01,9.500000000000000000e+01,1.800000000000000000e+02,4.662225341796875000e+01,9.430117797851563921e+01,1.799808502197265625e+02,7.632575228088394059e-01,3.920751670903795394e-01,-5.807600435442539233e-01,4.992974759810218099e-01,-5.608207059867224009e-01,8.440124761420338961e-01,5.301197730447387846e-01,6.988536018214632772e-01,-7.335003057945372884e-01
5.500000000000000000e+00,5.711177559863430275e+01,9.550000000000000000e+01,1.800000000000000000e+02,4.808485031127929688e+01,9.482656860351562500e+01,1.799814453125000000e+02,7.627370135407511853e-01,3.917005894724807646e-01,-5.812514529763774807e-01,4.992937241044427266e-01,-5.608245993216471881e-01,8.440086595295592797e-01,5.301197704200126815e-01,6.988535991125559566e-01,-7.335003085163955827e-01
6.000000000000000000e+00,6.091042912730644332e+01,9.600000000000000000e+01,1.800000000000000000e+02,5.051600265502929688e+01,9.529570770263673296e+01,1.799823150634765625e+02,7.620079445383149963e-01,3.910674375201464992e-01,-5.817070924137777155e-01,4.992896843041202959e-01,-5.608284621047314733e-01,8.440046511065816270e-01,5.301197680128062473e-01,6.988535965869623334e-01,-7.335003111229909667e-01
6.500000000000000000e+00,6.452382013726284526e+01,9.650000000000000000e+01,1.800000000000000000e+02,5.632801437377928977e+01,9.572187805175781250e+01,1.799831085205078125e+02,7.614910019968599286e-01,3.904118190986500814e-01,-5.822764570173608600e-01,4.992851478753990713e-01,-5.608325681086979708e-01,8.440007250207852696e-01,5.301197658194394258e-01,6.988535942905647058e-01,-7.335003135323261425e-01
7.000000000000000000e+00,6.796098398815971109e+01,9.700000000000000000e+01,1.800000000000000000e+02,6.203094482421875000e+01,9.618125152587890625e+01,1.799836883544921875e+02,7.612114379085618276e-01,3.900254383509360601e-01,-5.827664889176178420e-01,4.992801435169255675e-01,-5.608373241495190342e-01,8.439964202419214523e-01,5.301197637870158630e-01,6.988535921858941569e-01,-7.335003157358610526e-01
7.500000000000000000e+00,7.123051537996300908e+01,9.750000000000000000e+01,1.800000000000000000e+02,6.403153228759765625e+01,9.638760375976563921e+01,1.799838867187500000e+02,7.608684973061039525e-01,3.897429468966031041e-01,-5.831569155278897298e-01,4.992719283077656223e-01,-5.608433707269174784e-01,8.439906736973669110e-01,5.301197618294108960e-01,6.988535902041899117e-01,-7.335003177880093927e-01
8.000000000000000000e+00,7.434058984417508498e+01,9.800000000000000000e+01,1.800000000000000000e+02,6.553758239746092329e+01,9.669638824462889204e+01,1.799845733642578125e+02,7.603562112164352627e-01,3.893240061061627455e-01,-5.835020108368811353e-01,4.992612705246379234e-01,-5.608524652121671394e-01,8.439839799531310138e-01,5.301197600024661893e-01,6.988535882959272527e-01,-7.335003197197639269e-01
8.500000000000000000e+00,7.729898418692188500e+01,9.850000000000000000e+01,1.800000000000000000e+02,6.995613861083984375e+01,9.734346008300781250e+01,1.799853515625000000e+02,7.599510430654465853e-01,3.888382682252051747e-01,-5.838992408532706069e-01,4.992505863912630737e-01,-5.608645079974258207e-01,8.439737036197145770e-01,5.301197583473230557e-01,6.988535865528545665e-01,-7.335003215404214405e-01
9.000000000000000000e+00,8.011309593501913184e+01,9.900000000000000000e+01,1.800000000000000000e+02,7.493133544921875000e+01,9.796817016601562500e+01,1.799980468750000284e+02,7.597358229484590941e-01,3.885332892343320577e-01,-5.842648664543989012e-01,4.992404312501453334e-01,-5.608758905196969957e-01,8.439608736346699835e-01,5.301197582131901287e-01,6.988535855468578362e-01,-7.335003225998617538e-01
9.500000000000000000e+00,8.278996183364233730e+01,9.950000000000000000e+01,1.800000000000000000e+02,7.747293853759765625e+01,9.871621704101562500e+01,1.800220642089843750e+02,7.595390842978988477e-01,3.883415555313292078e-01,-5.845365638778398099e-01,4.992339015813870295e-01,-5.608844866584030697e-01,8.439512385405700812e-01,5.301197568243687375e-01,6.988535856697963844e-01,-7.335003216778226420e-01
1.000000000000000000e+01,8.533627544185529246e+01,1.000000000000000000e+02,1.800000000000000000e+02,7.887313079833984375e+01,9.935859680175781250e+01,1.800226593017578125e+02,7.592630280949906885e-01,3.881144528834946095e-01,-5.847578891309462845e-01,4.992292471619089733e-01,-5.608901742737452123e-01,8.439437509432358153e-01,5.301197530374512912e-01,6.988535819823333828e-01,-7.335003213514081910e-01
1.050000000000000000e+01,8.775840386999404075e+01,1.005000000000000142e+02,1.800000000000000000e+02,8.161161041259765625e+01,9.995088195800779829e+01,1.800225524902343466e+02,7.589927585952634947e-01,3.878302736798863726e-01,-5.849916743128008578e-01,4.992261169590023751e-01,-5.608938305407077385e-01,8.439392830519834021e-01,5.301197492190241611e-01,6.988535781458216078e-01,-7.335003250871631186e-01
1.100000000000000000e+01,9.006240370075926194e+01,1.010000000000000000e+02,1.800000000000000000e+02,8.532254791259765625e+01,1.005125045776367188e+02,1.800222625732421591e+02,7.588192237188307043e-01,3.876052282163194307e-01,-5.852283019776933770e-01,4.992237863155931099e-01,-5.608964557927342831e-01,8.439362165982935426e-01,5.301197454806533260e-01,6.988535743587673821e-01,-7.335003288921533304e-01
1.150000000000000000e+01,9.225403613382781032e+01,1.015000000000000000e+02,1.800000000000000000e+02,8.801766204833984375e+01,1.009831085205077983e+02,1.800220642089843750e+02,7.586883368510946024e-01,3.874587857952503378e-01,-5.854182130965002173e-01,4.992215141880074203e-01,-5.608985987024958098e-01,8.439338028106794232e-01,5.301197418169629749e-01,6.988535706621392674e-01,-7.335003326369211596e-01
1.200000000000000000e+01,9.433878139185270584e+01,1.020000000000000000e+02,1.800000000000000000e+02,8.948289489746093750e+01,1.013474655151367330e+02,1.800218658447265909e+02,7.585299867219027492e-01,3.873206379236893704e-01,-5.855727794722326296e-01,4.992185833430450304e-01,-5.609009203097424789e-01,8.439316132352071564e-01,5.301197382186859652e-01,6.988535670312191472e-01,-7.335003363004843902e-01
1.250000000000000000e+01,9.632185242387431856e+01,1.025000000000000000e+02,1.800000000000000000e+02,9.133621978759765625e+01,1.017033233642577983e+02,1.800216827392578125e+02,7.583569544696640019e-01,3.871521086641072085e-01,-5.857198078240618555e-01,4.992145354122687895e-01,-5.609042358512122961e-01,8.439289868987063237e-01,5.301197346816762801e-01,6.988535634643402439e-01,-7.335003398997216317e-01
1.300000000000000000e+01,9.820820794040831458e+01,1.030000000000000000e+02,1.800000000000000000e+02,9.406620025634764204e+01,1.021217803955078125e+02,1.800213775634765625e+02,7.582282896001804051e-01,3.869972379295819609e-01,-5.858706482014064409e-01,4.992092428588826292e-01,-5.609090369893383610e-01,8.439250544271698073e-01,5.301197312321845878e-01,6.988535599656052755e-01,-7.335003434280025214e-01
1.350000000000000000e+01,1.000025648128046498e+02,1.035000000000000000e+02,1.800000000000000000e+02,9.648768615722656250e+01,1.025667037963867330e+02,1.800210876464843750e+02,7.581364976523665700e-01,3.868890683480869508e-01,-5.860008492625559118e-01,4.992027703458314924e-01,-5.609151275400443559e-01,8.439195293860281000e-01,5.301197278766192067e-01,6.988535565639069080e-01,-7.335003468782619329e-01
1.400000000000000000e+01,1.017094098678831244e+02,1.040000000000000000e+02,1.800000000000000000e+02,9.791873931884765625e+01,1.031124038696289062e+02,1.800207061767577841e+02,7.580382398814315970e-01,3.867979593642444924e-01,-5.861082140247969585e-01,4.991963660628442323e-01,-5.609218615633172478e-01,8.439131927576002390e-01,5.301197246328246404e-01,6.988535532603519229e-01,-7.335003502272348097e-01
1.450000000000000000e+01,1.033330111073373132e+02,1.045000000000000000e+02,1.800000000000000000e+02,9.932391357421875000e+01,1.036438522338867188e+02,1.800202178955078409e+02,7.579275323292230526e-01,3.866932834729133184e-01,-5.862052741758795316e-01,4.991900281413699791e-01,-5.609284322918735022e-01,8.439062837188981980e-01,5.301197215302441146e-01,6.988535500828411129e-01,-7.335003534632849043e-01
1.500000000000000000e+01,1.048774283799619695e+02,1.050000000000000142e+02,1.800000000000000000e+02,1.011357269287109375e+02,1.042312545776367188e+02,1.800193328857421591e+02,7.578269567319048106e-01,3.865855203645109373e-01,-5.863071660450392963e-01,4.991847223065526418e-01,-5.609343413724274807e-01,8.439001575836195812e-01,5.301197186589255983e-01,6.988535470800809613e-01,-7.335003565385644908e-01
1.550000000000000000e+01,1.063465235333896857e+02,1.055000000000000000e+02,1.800000000000000000e+02,1.031241073608398295e+02,1.047792053222656250e+02,1.800184478759765909e+02,7.577502218352288876e-01,3.864964198080094171e-01,-5.864026340629781009e-01,4.991799691061175603e-01,-5.609394107787215589e-01,8.438945118122784805e-01,5.301197160412910447e-01,6.988535443368691924e-01,-7.335003594073533639e-01
1.600000000000000000e+01,1.077439700707215309e+02,1.060000000000000000e+02,1.800000000000000000e+02,1.046544799804687500e+02,1.053507843017577983e+02,1.800170898437500000e+02,7.576823816659687960e-01,3.864256607985333547e-01,-5.864847957312011584e-01,4.991761210581882047e-01,-5.609436830914130701e-01,8.438899552847041186e-01,5.301197137557044359e-01,6.988535418696600887e-01,-7.335003619929232332e-01
1.650000000000000000e+01,1.090732623361981979e+02,1.065000000000000000e+02,1.800000000000000000e+02,1.058451080322265625e+02,1.057918014526367188e+02,1.800163116455078409e+02,7.576103913425444869e-01,3.863567627937075644e-01,-5.865566580898821103e-01,4.991719709388066084e-01,-5.609474875649779202e-01,8.438857313506487046e-01,5.301197117095047817e-01,6.988535397258400783e-01,-7.335003643071004165e-01
1.700000000000000000e+01,1.103377242528808182e+02,1.070000000000000142e+02,1.800000000000000000e+02,1.071744003295898438e+02,1.062879943847656250e+02,1.800156250000000284e+02,7.575397445291582876e-01,3.862846681172770191e-01,-5.866256559652680558e-01,4.991680523762185295e-01,-5.609513851751557478e-01,8.438821583558684392e-01,5.301197098358617632e-01,6.988535377698592566e-01,-7.335003663563974818e-01
1.750000000000000000e+01,1.115405176341898965e+02,1.075000000000000000e+02,1.800000000000000000e+02,1.087118072509765625e+02,1.066716842651367188e+02,1.800148468017578125e+02,7.574814318684203185e-01,3.862194575408116060e-01,-5.866922029924414028e-01,4.991629494397720745e-01,-5.609557715694388769e-01,8.438777954154743632e-01,5.301197081362545305e-01,6.988535359811667291e-01,-7.335003682236945766e-01
1.800000000000000000e+01,1.126846500900858246e+02,1.080000000000000000e+02,1.800000000000000000e+02,1.101209869384765625e+02,1.072078170776367188e+02,1.800139617919921875e+02,7.574337939903249550e-01,3.861668945664917807e-01,-5.867509837411288842e-01,4.991581407640832690e-01,-5.609607995770169442e-01,8.438734734287265393e-01,5.301197066241265521e-01,6.988535343731879790e-01,-7.335003699159557966e-01
1.850000000000000000e+01,1.137729825476602770e+02,1.085000000000000000e+02,1.800000000000000000e+02,1.111913909912109375e+02,1.077197341918945312e+02,1.800133819580077841e+02,7.573872173912206129e-01,3.861206414283635535e-01,-5.868020188125646630e-01,4.991529660655522616e-01,-5.609660533094784629e-01,8.438679800645781937e-01,5.301197052502816254e-01,6.988535329398150031e-01,-7.335003714401874264e-01
1.900000000000000000e+01,1.148082364049442532e+02,1.090000000000000000e+02,1.800000000000000000e+02,1.122860260009765625e+02,1.082126998901367188e+02,1.800066375732421875e+02,7.573422807782097532e-01,3.860746468592579084e-01,-5.868476939627237376e-01,4.991478741680130393e-01,-5.609710997123665832e-01,8.438628565872378084e-01,5.301197047298091825e-01,6.988535318904948168e-01,-7.335003725349741321e-01
1.950000000000000000e+01,1.157930003358206505e+02,1.095000000000000142e+02,1.800000000000000000e+02,1.133800659179687500e+02,1.087531280517578125e+02,1.799915008544921875e+02,7.573008641969067867e-01,3.860313546207759239e-01,-5.868920054433001132e-01,4.991431813852534871e-01,-5.609760465153504905e-01,8.438579539825266096e-01,5.301197047367022241e-01,6.988535318851115674e-01,-7.335003725458273394e-01
2.000000000000000000e+01,1.167297367630572893e+02,1.100000000000000000e+02,1.800000000000000000e+02,1.145383682250976562e+02,1.092354507446289062e+02,1.799908142089843750e+02,7.572660792527245999e-01,3.859930526247463689e-01,-5.869320420444458231e-01,4.991383087671628638e-01,-5.609808064725944066e-01,8.438529363689051266e-01,5.301197041317844416e-01,6.988535313254118364e-01,-7.335003721087189898e-01
2.050000000000000000e+01,1.176207880156464256e+02,1.105000000000000000e+02,1.800000000000000000e+02,1.155279159545898438e+02,1.097940444946289062e+02,1.799909210205077841e+02,7.572349187305088547e-01,3.859604256002470701e-01,-5.869679679368745573e-01,4.991340821874613587e-01,-5.609853838550766802e-01,8.438484648210639039e-01,5.301197035104903144e-01,6.988535306968083338e-01,-7.335003726903338572e-01
2.100000000000000000e+01,1.184683821858474460e+02,1.110000000000000000e+02,1.800000000000000000e+02,1.163873901367187642e+02,1.102068405151367188e+02,1.799910125732421875e+02,7.572045252887135147e-01,3.859298586477210580e-01,-5.869999734566161420e-01,4.991290510147918802e-01,-5.609898618750868149e-01,8.438436151289256948e-01,5.301197029022060025e-01,6.988535300823275342e-01,-7.335003733120437630e-01
2.150000000000000000e+01,1.192746387005779098e+02,1.115000000000000142e+02,1.800000000000000000e+02,1.172674713134765483e+02,1.107441482543945312e+02,1.799910125732421875e+02,7.571759506104922544e-01,3.859002329779502860e-01,-5.870297682540442930e-01,4.991245700767177884e-01,-5.609945639857258914e-01,8.438394299921961883e-01,5.301197022974249995e-01,6.988535294775465312e-01,-7.335003739229855046e-01
2.200000000000000000e+01,1.200415736210849218e+02,1.120000000000000000e+02,1.800000000000000000e+02,1.181902236938476705e+02,1.111820373535156250e+02,1.799911041259765625e+02,7.571512628678818135e-01,3.858734674102421991e-01,-5.870575182732747921e-01,4.991191996208250159e-01,-5.609995266432246108e-01,8.438342223851645896e-01,5.301197017014351864e-01,6.988535288754229580e-01,-7.335003745251090779e-01
2.250000000000000000e+01,1.207711046841483125e+02,1.125000000000000000e+02,1.800000000000000000e+02,1.190359268188476420e+02,1.117258834838867330e+02,1.799911041259765625e+02,7.571297043044763475e-01,3.858504654773625142e-01,-5.870824561463571234e-01,4.991143688585003568e-01,-5.610046310209938492e-01,8.438295056015026052e-01,5.301197011089129330e-01,6.988535282829007045e-01,-7.335003751237293423e-01
2.300000000000000000e+01,1.214650560974214812e+02,1.130000000000000000e+02,1.800000000000000000e+02,1.197700042724609375e+02,1.122526397705078267e+02,1.799911041259765625e+02,7.571094225614469764e-01,3.858297036156564941e-01,-5.871046080374845433e-01,4.991095272027831209e-01,-5.610096460131062113e-01,8.438242065591298191e-01,5.301197005163906795e-01,6.988535276903784510e-01,-7.335003757162515958e-01
2.350000000000000000e+01,1.221251631009008065e+02,1.135000000000000000e+02,1.800000000000000000e+02,1.205379791259765625e+02,1.124797897338867330e+02,1.800036163330078125e+02,7.570913740178094598e-01,3.858104284608451784e-01,-5.871243394825568229e-01,4.991023012527758818e-01,-5.610149394196078942e-01,8.438187236430770843e-01,5.301197006111242338e-01,6.988535274573418610e-01,-7.335003759492881859e-01
2.400000000000000000e+01,1.227530763059293122e+02,1.140000000000000142e+02,1.800000000000000000e+02,1.211636581420898295e+02,1.128775405883789062e+02,1.800105438232421875e+02,7.570736914199041045e-01,3.857927707187424615e-01,-5.871431972762649609e-01,4.990941567770451615e-01,-5.610223419837153669e-01,8.438133008570162241e-01,5.301197000897291955e-01,6.988535272785131314e-01,-7.335003755093847388e-01
2.450000000000000000e+01,1.233503658225849762e+02,1.145000000000000000e+02,1.800000000000000000e+02,1.218262557983398438e+02,1.133327178955078125e+02,1.800108337402343750e+02,7.570571848005378524e-01,3.857755567904649907e-01,-5.871603870075321474e-01,4.990838904980644530e-01,-5.610322140458500195e-01,8.438043280789957468e-01,5.301196992243136785e-01,6.988535264362565336e-01,-7.335003757982628825e-01
2.500000000000000000e+01,1.239185251857736461e+02,1.150000000000000000e+02,1.800000000000000000e+02,1.225351409912109375e+02,1.140233459472656250e+02,1.800107421875000000e+02,7.570433240562258748e-01,3.857602860511920584e-01,-5.871763120982339546e-01,4.990753537491429692e-01,-5.610424170386280052e-01,8.437945168729246159e-01,5.301196983561281550e-01,6.988535255606717067e-01,-7.335003766504165634e-01
2.550000000000000000e+01,1.244589750898443157e+02,1.154999999999999858e+02,1.800000000000000000e+02,1.231274261474609517e+02,1.145582046508788920e+02,1.800107421875000000e+02,7.570307485880112264e-01,3.857472210383986466e-01,-5.871907061595826871e-01,4.990670043935826472e-01,-5.610510754291725410e-01,8.437841684959245248e-01,5.301196974921299487e-01,6.988535246966735004e-01,-7.335003775217784350e-01
2.600000000000000000e+01,1.249730669410649284e+02,1.160000000000000142e+02,1.800000000000000000e+02,1.236755752563476705e+02,1.154043045043945170e+02,1.800107421875000000e+02,7.570188547139186097e-01,3.857350149675194406e-01,-5.872033873949429328e-01,4.990629343164618148e-01,-5.610575102263655189e-01,8.437774955273620314e-01,5.301196966281317424e-01,6.988535238326752941e-01,-7.335003783857766413e-01
2.650000000000000000e+01,1.254620862368419978e+02,1.165000000000000000e+02,1.800000000000000000e+02,1.242180557250976705e+02,1.158942413330078125e+02,1.800106353759765341e+02,7.570078593490644492e-01,3.857235470860374549e-01,-5.872151562915289835e-01,4.990588853085678456e-01,-5.610614919700789294e-01,8.437712003854005438e-01,5.301196957763932849e-01,6.988535229723827902e-01,-7.335003792460691452e-01
2.700000000000000000e+01,1.259272557801337911e+02,1.170000000000000000e+02,1.800000000000000000e+02,1.247808456420898580e+02,1.165856475830077983e+02,1.800105438232421875e+02,7.569983924899890138e-01,3.857132740945927729e-01,-5.872258707562071356e-01,4.990570942904153928e-01,-5.610641103324296441e-01,8.437686255206182651e-01,5.301196949398994107e-01,6.988535221286256149e-01,-7.335003800983002087e-01
2.750000000000000000e+01,1.263697387370944796e+02,1.175000000000000142e+02,1.800000000000000000e+02,1.252606353759765625e+02,1.167991256713867045e+02,1.800105438232421875e+02,7.569896828300624048e-01,3.857042714688783125e-01,-5.872356399833824625e-01,4.990534176026704127e-01,-5.610662839666911150e-01,8.437654477962012178e-01,5.301196941075155822e-01,6.988535212962417864e-01,-7.335003809379117001e-01
2.800000000000000000e+01,1.267906415455955766e+02,1.180000000000000142e+02,1.800000000000000000e+02,1.257563323974609375e+02,1.173883819580078125e+02,1.800104522705078125e+02,7.569820089993946066e-01,3.856960427188942386e-01,-5.872441455228442075e-01,4.990509773089193413e-01,-5.610690803839433194e-01,8.437637945722207267e-01,5.301196932854499444e-01,6.988535204669755752e-01,-7.335003817671779114e-01
2.850000000000000000e+01,1.271910166818967980e+02,1.185000000000000142e+02,1.800000000000000000e+02,1.261912002563476705e+02,1.177205123901367045e+02,1.800103454589843466e+02,7.569749288761592476e-01,3.856887183380927620e-01,-5.872519995531210180e-01,4.990463208387969085e-01,-5.610727340419396914e-01,8.437596077187935473e-01,5.301196924793865062e-01,6.988535196525899051e-01,-7.335003825886968754e-01
2.900000000000000000e+01,1.275718652923850271e+02,1.190000000000000000e+02,1.800000000000000000e+02,1.266189346313476562e+02,1.180292053222656250e+02,1.800103454589843466e+02,7.569684646120632410e-01,3.856819360215124060e-01,-5.872590158532190463e-01,4.990404024174893149e-01,-5.610774861653134993e-01,8.437558790073215187e-01,5.301196916780278601e-01,6.988535188512312590e-01,-7.335003833983291255e-01
2.950000000000000000e+01,1.279341396969616227e+02,1.195000000000000000e+02,1.800000000000000000e+02,1.270398330688476420e+02,1.186553726196289205e+02,1.800102539062500000e+02,7.569627409833883380e-01,3.856758371946836239e-01,-5.872654147524142276e-01,4.990348484862594525e-01,-5.610838697221383065e-01,8.437507534091224226e-01,5.301196908867927826e-01,6.988535180529316104e-01,-7.335003841966287741e-01
3.000000000000000000e+01,1.282787457703383609e+02,1.200000000000000142e+02,1.800000000000000000e+02,1.274344635009765483e+02,1.190341873168945312e+02,1.800101470947265625e+02,7.569576508115726243e-01,3.856704454263637505e-01,-5.872711599646129876e-01,4.990271916109565442e-01,-5.610905658513588579e-01,8.437430570370182403e-01,5.301196901112554816e-01,6.988535172692308395e-01,-7.335003849873269477e-01
3.050000000000000000e+01,1.284159723075963768e+02,1.205000000000000142e+02,1.440000000000000000e+02,1.278179550170898580e+02,1.197503967285156392e+02,1.800099639892578125e+02,7.569548005287142223e-01,3.856664213900721783e-01,-5.872754224280780644e-01,4.990222281764939982e-01,-5.610969608980963530e-01,8.437374644084809638e-01,5.259184494958990541e-01,6.988523334194911563e-01,-7.335015812986428463e-01
3.100000000000000000e+01,1.221530514348545324e+02,1.210000000000000000e+02,1.440000000000000000e+02,1.280605316162109375e+02,1.201377944946289062e+02,1.738804626464843750e+02,7.568007585578726548e-01,3.856820151388786200e-01,-5.872534071354784668e-01,4.990156864603992881e-01,-5.611026482797648596e-01,8.437301366051508378e-01,5.184401076657871865e-01,6.898399287861455287e-01,-7.335041208658458212e-01
3.150000000000000000e+01,1.161955768173828005e+02,1.215000000000000000e+02,1.440000000000000000e+02,1.257647323608398295e+02,1.210269546508789062e+02,1.569377899169921875e+02,7.562396764804282245e-01,3.853356333460898897e-01,-5.872183427264842104e-01,4.990131832188599570e-01,-5.611072108626979915e-01,8.437261698859965797e-01,5.162701194500418644e-01,6.848282341891624991e-01,-7.395438848446591606e-01
3.200000000000000000e+01,1.105286516655275477e+02,1.220000000000000000e+02,1.440000000000000000e+02,1.186430511474609517e+02,1.216610412597656250e+02,1.480235290527343750e+02,7.557498778819141672e-01,3.847580232611311768e-01,-5.875749280190890600e-01,4.990113313638088743e-01,-5.611097952817295509e-01,8.437214593432943444e-01,5.160002209677897467e-01,6.839603667482849758e-01,-7.415482674181604894e-01
3.250000000000000000e+01,1.051381057146396643e+02,1.225000000000000142e+02,1.440000000000000000e+02,1.112384643554687500e+02,1.220881881713867045e+02,1.532371978759765625e+02,7.554609621963190857e-01,3.843737217097724090e-01,-5.880281274614793663e-01,4.990098141600562975e-01,-5.611110440789639497e-01,8.437197165420220468e-01,5.155722039327066408e-01,6.837739315328825729e-01,-7.421477559811587854e-01
3.300000000000000000e+01,1.000104597920319094e+02,1.230000000000000142e+02,1.440000000000000000e+02,1.077721557617187500e+02,1.223623123168945455e+02,1.591129913330078125e+02,7.550705219783274691e-01,3.840668525194750327e-01,-5.884363098890016408e-01,4.990074663967395407e-01,-5.611125602391944245e-01,8.437184686037015879e-01,5.142509875014752430e-01,6.829663920231086038e-01,-7.424995032017370766e-01
3.350000000000000000e+01,9.513289211202632600e+01,1.235000000000000000e+02,1.440000000000000000e+02,1.051209869384765625e+02,1.226446304321289062e+02,1.550722656250000000e+02,7.544246726603327513e-01,3.835649664105016399e-01,-5.888307707482707265e-01,4.990034307541422187e-01,-5.611155688563751465e-01,8.437165256711727235e-01,5.131541242725702334e-01,6.814692382306175578e-01,-7.434145772282670928e-01
3.400000000000000000e+01,9.049320621481130900e+01,1.240000000000000284e+02,1.440000000000000000e+02,1.003909072875976562e+02,1.231331100463867188e+02,1.455150299072265625e+02,7.537373504953780445e-01,3.828713670676436864e-01,-5.893697631504836165e-01,4.989983038885816846e-01,-5.611206275893327877e-01,8.437127543285619646e-01,5.130766789164643571e-01,6.809032457375734371e-01,-7.441871236908997878e-01
3.450000000000000000e+01,8.607980046893941051e+01,1.245000000000000142e+02,1.440000000000000000e+02,9.415574645996093750e+01,1.235620193481445312e+02,1.426768493652343750e+02,7.532477525643925809e-01,3.822713266547760336e-01,-5.899752836142105883e-01,4.989915040335545782e-01,-5.611269120750493888e-01,8.437065533594432232e-01,5.130790648411212018e-01,6.809005138133944479e-01,-7.442070893628860428e-01
3.500000000000000000e+01,8.188163906120551871e+01,1.250000000000000142e+02,1.440000000000000000e+02,8.933309173583984375e+01,1.240594787597656250e+02,1.479285125732421875e+02,7.528502287871448040e-01,3.818404870996743861e-01,-5.905033110591030310e-01,4.989846229222451579e-01,-5.611337745987174941e-01,8.437002109548183970e-01,5.130517709876514232e-01,6.809097065749983857e-01,-7.442176152307607984e-01
3.550000000000000000e+01,7.788822440136570435e+01,1.255000000000000000e+02,1.440000000000000000e+02,8.636942291259765625e+01,1.246172866821288920e+02,1.511012725830078125e+02,7.523694450392430788e-01,3.814180777739784034e-01,-5.909611217772784419e-01,4.989779973525959034e-01,-5.611408340696211194e-01,8.436931705533509129e-01,5.127723636810056496e-01,6.807551349676727037e-01,-7.441655544274575762e-01
3.600000000000000000e+01,7.408957087269355668e+01,1.260000000000000000e+02,1.440000000000000000e+02,8.306492614746093750e+01,1.251866226196289205e+02,1.475179595947265909e+02,7.518181469553427698e-01,3.808971325472680358e-01,-5.914188163705329515e-01,4.989720530876931570e-01,-5.611472850503358423e-01,8.436862971050186344e-01,5.126278316207504293e-01,6.804633858644726363e-01,-7.443269536705870992e-01
3.650000000000000000e+01,7.047617986273715474e+01,1.265000000000000142e+02,1.440000000000000000e+02,7.839217376708984375e+01,1.257875061035156250e+02,1.428067321777343750e+02,7.513621998077308906e-01,3.803801680718301159e-01,-5.919073182966650970e-01,4.989672764260946192e-01,-5.611527380493258610e-01,8.436803792679272718e-01,5.126407033818954906e-01,6.804254376899082635e-01,-7.444035549857395129e-01
3.700000000000000000e+01,6.703901601184027470e+01,1.270000000000000142e+02,1.440000000000000000e+02,7.380047607421875000e+01,1.264287185668945312e+02,1.430859375000000000e+02,7.510263467250700709e-01,3.799869673532614289e-01,-5.923531392745599033e-01,4.989638954108077673e-01,-5.611569548024289977e-01,8.436755654560341711e-01,5.126333264704928672e-01,6.804158074611170726e-01,-7.443751634083053403e-01
3.750000000000000000e+01,6.376948462003698381e+01,1.275000000000000142e+02,1.440000000000000000e+02,7.075721740722656250e+01,1.268619155883789205e+02,1.464539947509765625e+02,7.506908854103127027e-01,3.796623687529310232e-01,-5.927331637837445211e-01,4.989603202515356384e-01,-5.611601556675110958e-01,8.436715733836469555e-01,5.126234186949534255e-01,6.804194979034358104e-01,-7.443703457004693380e-01
3.800000000000000000e+01,6.065941015582491502e+01,1.280000000000000000e+02,1.440000000000000000e+02,6.815555572509765625e+01,1.273306655883789062e+02,1.472614288330078125e+02,7.503090589929760634e-01,3.793064390353472204e-01,-5.930775679909100484e-01,4.989569924189581340e-01,-5.611633281296695142e-01,8.436687330561051246e-01,5.125555368998442329e-01,6.803684216490043513e-01,-7.443513208477072762e-01
3.850000000000000000e+01,5.770101581307810790e+01,1.285000000000000000e+02,1.440000000000000000e+02,6.469793701171875000e+01,1.278309631347656250e+02,1.445674743652343750e+02,7.499606525441386840e-01,3.789331740830042539e-01,-5.934255169096833704e-01,4.989534369270006708e-01,-5.611668852028908194e-01,8.436653420561295302e-01,5.125467478605788552e-01,6.803179086605228854e-01,-7.443893283023955698e-01
3.900000000000000000e+01,5.488690406498088237e+01,1.290000000000000284e+02,1.440000000000000000e+02,6.093211746215821023e+01,1.281620178222656250e+02,1.427655181884765625e+02,7.496937290811254151e-01,3.786242284240066702e-01,-5.937565055784267409e-01,4.989484184302215297e-01,-5.611708919221773950e-01,8.436613335549010273e-01,5.125446948515013368e-01,6.803188524006511528e-01,-7.443839043723405879e-01
3.950000000000000000e+01,5.221003816635766981e+01,1.295000000000000000e+02,1.440000000000000000e+02,5.815242767333983664e+01,1.287145538330078125e+02,1.437857360839843750e+02,7.494475141928619299e-01,3.783737531666432896e-01,-5.940464135639411669e-01,4.989438414703004088e-01,-5.611757750204765527e-01,8.436574349364512893e-01,5.125434288181033304e-01,6.803115581476959495e-01,-7.443805513042540678e-01
4.000000000000000000e+01,4.966372455814471465e+01,1.300000000000000000e+02,1.440000000000000000e+02,5.585321044921874289e+01,1.291078186035156250e+02,1.453793945312500000e+02,7.491852513508625577e-01,3.781219603703117049e-01,-5.943025632464734587e-01,4.989375779474596317e-01,-5.611812892130236818e-01,8.436515519169991428e-01,5.125385315083137439e-01,6.803123188559268009e-01,-7.443761684828613667e-01
4.050000000000000000e+01,4.724159613000596636e+01,1.305000000000000000e+02,1.440000000000000000e+02,5.324598312377930398e+01,1.296176757812500000e+02,1.453419952392578125e+02,7.489325130523861729e-01,3.778614308384584675e-01,-5.945526919297904334e-01,4.989316485752278707e-01,-5.611872848272044800e-01,8.436462735821272929e-01,5.125249548258654642e-01,6.802983638127388932e-01,-7.443740008200688818e-01
4.100000000000000000e+01,4.493759629924073806e+01,1.310000000000000000e+02,1.440000000000000000e+02,5.016141128540038352e+01,1.302340850830078125e+02,1.438588867187500000e+02,7.487339315161920528e-01,3.776331761249422936e-01,-5.947879831144433638e-01,4.989263523621702001e-01,-5.611933859971187655e-01,8.436401042509692472e-01,5.125256832425180153e-01,6.802914365294153720e-01,-7.443811211558594154e-01
4.150000000000000000e+01,4.274596386617218968e+01,1.315000000000000000e+02,1.440000000000000000e+02,4.770994949340820312e+01,1.307186584472656250e+02,1.433118133544921875e+02,7.485603619090176464e-01,3.774505213827277217e-01,-5.949979311622608513e-01,4.989209523136651780e-01,-5.611986794282539659e-01,8.436340062857942135e-01,5.125237285455066516e-01,6.802910357170617317e-01,-7.443773094078394159e-01
4.200000000000000000e+01,4.066121860814728706e+01,1.320000000000000000e+02,1.440000000000000000e+02,4.577410888671875000e+01,1.313154296875000000e+02,1.439250030517578125e+02,7.483810166343369819e-01,3.772763992488030182e-01,-5.951811673520731594e-01,4.989168322916124887e-01,-5.612033818589161616e-01,8.436293966988885895e-01,5.125234932894250361e-01,6.802888769613070208e-01,-7.443777520626191357e-01
4.250000000000000000e+01,3.867814757612566012e+01,1.325000000000000000e+02,1.440000000000000000e+02,4.361141204833983664e+01,1.318164062500000000e+02,1.445792999267578125e+02,7.482102983907625848e-01,3.770994649585652780e-01,-5.953529487175732715e-01,4.989126658778227363e-01,-5.612075542247256799e-01,8.436246345251270373e-01,5.125225897785058438e-01,6.802889939310466927e-01,-7.443766787254409989e-01
4.300000000000000000e+01,3.679179205959169963e+01,1.330000000000000284e+02,1.440000000000000000e+02,4.131649017333984375e+01,1.323345794677734375e+02,1.445357360839843750e+02,7.480642648585200671e-01,3.769402450463737453e-01,-5.955179660090208493e-01,4.989089780824800258e-01,-5.612113427369903595e-01,8.436208406007019711e-01,5.125203616380170635e-01,6.802865846073880007e-01,-7.443763668111572640e-01
4.350000000000000000e+01,3.499743518719535018e+01,1.335000000000000284e+02,1.440000000000000000e+02,3.918563079833984375e+01,1.327782287597656250e+02,1.439234313964843750e+02,7.479396352330929254e-01,3.768056019963723080e-01,-5.956647669133694478e-01,4.989048579212500001e-01,-5.612151412256606298e-01,8.436169383719779313e-01,5.125205143917744843e-01,6.802855158181443374e-01,-7.443775225099220627e-01
4.400000000000000000e+01,3.329059013211687557e+01,1.340000000000000000e+02,1.440000000000000000e+02,3.745946121215820312e+01,1.332924804687499716e+02,1.436937408447265625e+02,7.478191864324021942e-01,3.766845948630896945e-01,-5.957954964204290604e-01,4.989009159646893843e-01,-5.612191625858493627e-01,8.436132309706741994e-01,5.125201101046225061e-01,6.802854147413206487e-01,-7.443768152944416627e-01
4.450000000000000000e+01,3.166698889266268324e+01,1.345000000000000000e+02,1.440000000000000000e+02,3.593416595458984375e+01,1.336649475097656534e+02,1.438464813232421875e+02,7.476940849399670297e-01,3.765623754223882402e-01,-5.959182824014092050e-01,4.988956976741711347e-01,-5.612235839156515249e-01,8.436087205811318990e-01,5.125198368475644140e-01,6.802848696123660055e-01,-7.443769515834702810e-01
4.500000000000000000e+01,3.012257162003802691e+01,1.350000000000000000e+02,1.440000000000000000e+02,3.399285888671875000e+01,1.342005004882812784e+02,1.441620025634765625e+02,7.475868353381354137e-01,3.764441276001202485e-01,-5.960338060647999425e-01,4.988908467669321833e-01,-5.612286505380952306e-01,8.436044277559762161e-01,5.125198561234574068e-01,6.802848513459291979e-01,-7.443769880237498526e-01
4.550000000000000000e+01,2.865347646661031433e+01,1.355000000000000284e+02,1.440000000000000000e+02,3.220467376708985086e+01,1.346791076660156250e+02,1.442082061767578125e+02,7.474970311148086966e-01,3.763462540908143472e-01,-5.961417162960316318e-01,4.988852744041024079e-01,-5.612340776826513222e-01,8.435987592714930816e-01,5.125195741743799882e-01,6.802846319649578088e-01,-7.443767801315059884e-01
4.600000000000000000e+01,2.725602992927847623e+01,1.360000000000000000e+02,1.440000000000000000e+02,3.078016281127929688e+01,1.351827239990234375e+02,1.441082000732421875e+02,7.474109319165141985e-01,3.762594936732039375e-01,-5.962362725009161535e-01,4.988798850243429395e-01,-5.612394909096691809e-01,8.435934871155983394e-01,5.125194423010822620e-01,6.802843782051006816e-01,-7.443769775788056098e-01
4.650000000000000000e+01,2.592673766380180567e+01,1.365000000000000000e+02,1.440000000000000000e+02,2.945877647399901988e+01,1.357192382812500000e+02,1.439669952392578125e+02,7.473246756923002110e-01,3.761734305203439099e-01,-5.963229965962725254e-01,4.988747372821729642e-01,-5.612448793989274209e-01,8.435880747830221127e-01,5.125194536496291420e-01,6.802843410009649094e-01,-7.443770491696153346e-01
4.700000000000000000e+01,2.466227574711918180e+01,1.370000000000000000e+02,1.440000000000000000e+02,2.798357963562011719e+01,1.362071380615234375e+02,1.439358367919921875e+02,7.472467422518288549e-01,3.760905522455464389e-01,-5.964056893607387888e-01,4.988694953093140150e-01,-5.612500413717002035e-01,8.435826713976312119e-01,5.125194313238828903e-01,6.802843295168771176e-01,-7.443770115211333360e-01
4.750000000000000000e+01,2.345948236581009638e+01,1.375000000000000000e+02,1.440000000000000000e+02,2.645291709899902344e+01,1.367971801757812500e+02,1.439440460205078125e+02,7.471825360390894621e-01,3.760193135638831841e-01,-5.964814480979302447e-01,4.988651730645349835e-01,-5.612549173630367871e-01,8.435778698209734916e-01,5.125194062291517083e-01,6.802843007403991393e-01,-7.443770263233977502e-01
4.800000000000000000e+01,2.231534990991418255e+01,1.380000000000000284e+02,1.440000000000000000e+02,2.514481163024902344e+01,1.372718811035156250e+02,1.439770507812500000e+02,7.471261483521602909e-01,3.759596580967796697e-01,-5.965476375934499753e-01,4.988605938341219570e-01,-5.612593374844339067e-01,8.435728834135068910e-01,5.125193991776696434e-01,6.802842835477229677e-01,-7.443770460384790955e-01
4.850000000000000000e+01,2.122701745233973014e+01,1.385000000000000000e+02,1.440000000000000000e+02,2.405818939208984375e+01,1.378163146972656250e+02,1.439779205322265625e+02,7.470707452044186292e-01,3.759042884162879794e-01,-5.966062160585898777e-01,4.988567029689001675e-01,-5.612634812220282932e-01,8.435688836533828949e-01,5.125193955213942498e-01,6.802842797474202285e-01,-7.443770553042439175e-01
4.900000000000000000e+01,2.019176359505573615e+01,1.390000000000000000e+02,1.440000000000000000e+02,2.291512298583984375e+01,1.382472686767578125e+02,1.439779205322265625e+02,7.470187730472848120e-01,3.758502587816303642e-01,-5.966602130556923900e-01,4.988521631743331186e-01,-5.612676045934452684e-01,8.435644922987144412e-01,5.125193919225353723e-01,6.802842761485613510e-01,-7.443770590448685054e-01
4.950000000000000000e+01,1.920699966417933169e+01,1.395000000000000284e+02,1.440000000000000000e+02,2.175272178649902344e+01,1.387704162597656250e+02,1.439779205322265625e+02,7.469729318305167176e-01,3.758012188227613515e-01,-5.967111944120078171e-01,4.988479811115323903e-01,-5.612719193410091734e-01,8.435605733313440435e-01,5.125193883230558800e-01,6.802842725490818587e-01,-7.443770626443479976e-01
5.000000000000000000e+01,1.827026323694271781e+01,1.400000000000000284e+02,1.440000000000000000e+02,2.062195968627929688e+01,1.392644653320312784e+02,1.439778289794921875e+02,7.469336649414480833e-01,3.757587122364181020e-01,-5.967566670541603058e-01,4.988434905261212027e-01,-5.612763735948231858e-01,8.435559777569328066e-01,5.125193847021562998e-01,6.802842689431343182e-01,-7.443770662502955382e-01
5.050000000000000000e+01,1.737921198435357084e+01,1.405000000000000000e+02,1.440000000000000000e+02,1.962596321105956676e+01,1.397381896972656250e+02,1.439778289794921875e+02,7.468982447191916396e-01,3.757216375438908740e-01,-5.967968005777583018e-01,4.988388693418525643e-01,-5.612808353896091562e-01,8.435515520608101170e-01,5.125193810726988985e-01,6.802842653136769169e-01,-7.443770698647655948e-01
5.100000000000000000e+01,1.653161781415255760e+01,1.410000000000000000e+02,1.440000000000000000e+02,1.872957611083984375e+01,1.402646484375000000e+02,1.439778289794921875e+02,7.468646076236452602e-01,3.756872537315157357e-01,-5.968327904499418635e-01,4.988344453819978375e-01,-5.612854185282982744e-01,8.435471269993717325e-01,5.125193774433070004e-01,6.802842616842850187e-01,-7.443770734941574929e-01
5.150000000000000000e+01,1.572536129942209016e+01,1.415000000000000000e+02,1.440000000000000000e+02,1.787801361083984375e+01,1.407016601562500284e+02,1.439777374267578125e+02,7.468323491802041358e-01,3.756543163579214584e-01,-5.968664590070927867e-01,4.988293817098446992e-01,-5.612900826813640442e-01,8.435422950250613949e-01,5.125193737924063075e-01,6.802842580483983159e-01,-7.443770771300441957e-01
5.200000000000000000e+01,1.495842637891507287e+01,1.420000000000000284e+02,1.440000000000000000e+02,1.696346282958984375e+01,1.412532348632812500e+02,1.439781188964843750e+02,7.468038795655428386e-01,3.756237507381367524e-01,-5.968976679288693354e-01,4.988248639668542705e-01,-5.612949124384800648e-01,8.435378463313508712e-01,5.125193702223260761e-01,6.802842544160782046e-01,-7.443770807474267004e-01
5.250000000000000000e+01,1.422889531585168399e+01,1.425000000000000284e+02,1.440000000000000000e+02,1.615965461730957031e+01,1.416577148437500000e+02,1.439787139892578125e+02,7.467777949294370776e-01,3.755966626147465015e-01,-5.969267503484972925e-01,4.988192509012131515e-01,-5.612998889499379862e-01,8.435325261213084680e-01,5.125193668241690981e-01,6.802842509229189982e-01,-7.443770843014848593e-01
5.300000000000000000e+01,1.353494390257850455e+01,1.430000000000000000e+02,1.440000000000000000e+02,1.538162708282470703e+01,1.422224731445312500e+02,1.439790039062500000e+02,7.467538702280384078e-01,3.755716486652752595e-01,-5.969527265954729378e-01,4.988144288216936340e-01,-5.613051126486089393e-01,8.435278948203490668e-01,5.125193635441919193e-01,6.802842475976514924e-01,-7.443770877197168900e-01
5.350000000000000000e+01,1.287483689909919704e+01,1.435000000000000000e+02,1.440000000000000000e+02,1.464510345458984375e+01,1.426956176757812500e+02,1.439792938232421875e+02,7.467319037949117222e-01,3.755487340129822216e-01,-5.969766845101427410e-01,4.988089794323196102e-01,-5.613103801022272243e-01,8.435221886534652880e-01,5.125193603536246645e-01,6.802842443624116386e-01,-7.443770909996294538e-01
5.400000000000000000e+01,1.224692369407068959e+01,1.440000000000000000e+02,1.440000000000000000e+02,1.391443920135498047e+01,1.432410278320312500e+02,1.439794921874999716e+02,7.467122959763735635e-01,3.755279179754506536e-01,-5.969983991080205499e-01,4.988041952233237541e-01,-5.613154505558143326e-01,8.435172874843138713e-01,5.125193572315143165e-01,6.802842412101023362e-01,-7.443770941960756726e-01
5.450000000000000000e+01,1.164963417741501672e+01,1.445000000000000284e+02,1.440000000000000000e+02,1.325281810760498047e+01,1.437463989257812500e+02,1.439796905517578125e+02,7.466943021407089764e-01,3.755092020942337738e-01,-5.970182682477257474e-01,4.987993530975870504e-01,-5.613203271925305549e-01,8.435121190729520935e-01,5.125193541692886212e-01,6.802842381179675657e-01,-7.443770973181194073e-01
5.500000000000000000e+01,1.108147481422633795e+01,1.450000000000000000e+02,1.440000000000000000e+02,1.262108039855957031e+01,1.442292022705078125e+02,1.439798736572265341e+02,7.466776978137797949e-01,3.754919120880299555e-01,-5.970362520566467879e-01,4.987945401330111106e-01,-5.613250327788806837e-01,8.435073799487710078e-01,5.125193511631661591e-01,6.802842350844959807e-01,-7.443771003812191811e-01
5.550000000000000000e+01,1.054102491015567722e+01,1.455000000000000000e+02,1.440000000000000000e+02,1.200535774230957031e+01,1.447591857910156250e+02,1.439801788330078125e+02,7.466626282775348233e-01,3.754760679154165448e-01,-5.970527505177978256e-01,4.987900024350824801e-01,-5.613297541344082209e-01,8.435027639276525546e-01,5.125193482371551701e-01,6.802842321134348058e-01,-7.443771033793105119e-01
5.600000000000000000e+01,1.002693305893507336e+01,1.460000000000000284e+02,1.440000000000000000e+02,1.141473293304443182e+01,1.452318420410156250e+02,1.439803619384765909e+02,7.466490779151756518e-01,3.754617702916306365e-01,-5.970677830984653101e-01,4.987851654514486310e-01,-5.613344189382584171e-01,8.434979103217515872e-01,5.125193453748311256e-01,6.802842292244224431e-01,-7.443771063128035159e-01
5.650000000000000000e+01,9.537913763157995106e+00,1.465000000000000000e+02,1.440000000000000000e+02,1.083729076385498047e+01,1.457688598632812500e+02,1.439806671142578125e+02,7.466371500498140135e-01,3.754490307325662468e-01,-5.970812252056114655e-01,4.987807566224047862e-01,-5.613390509875055834e-01,8.434934431573372082e-01,5.125193425905999467e-01,6.802842263962413094e-01,-7.443771091673546669e-01
5.700000000000000000e+01,9.072744219866217819e+00,1.470000000000000284e+02,1.440000000000000000e+02,1.030740833282470703e+01,1.462510833740234659e+02,1.439809570312500000e+02,7.466264367977232252e-01,3.754377559629966110e-01,-5.970932672255802043e-01,4.987760948126380156e-01,-5.613436021432844925e-01,8.434886615753141026e-01,5.125193398901755071e-01,6.802842236547046451e-01,-7.443771119521673807e-01
5.750000000000000000e+01,8.630261262905522202e+00,1.475000000000000000e+02,1.440000000000000000e+02,9.821275711059570312e+00,1.467335052490234375e+02,1.439812469482421591e+02,7.466165174733343513e-01,3.754274731038199087e-01,-5.971040890438993332e-01,4.987714285318490259e-01,-5.613481614116420104e-01,8.434842105269935164e-01,5.125193372709968553e-01,6.802842209950342722e-01,-7.443771146523295856e-01
5.800000000000000000e+01,8.209358454404426908e+00,1.480000000000000000e+02,1.440000000000000000e+02,9.333580017089843750e+00,1.472420043945312500e+02,1.439817352294921875e+02,7.466076123968836686e-01,3.754180389539452656e-01,-5.971138689473292072e-01,4.987667643617081925e-01,-5.613528778795275898e-01,8.434796022224866352e-01,5.125193347707054370e-01,6.802842184279013216e-01,-7.443771172591496788e-01
5.850000000000000000e+01,7.808983318103192239e+00,1.485000000000000284e+02,1.440000000000000000e+02,8.878600120544431817e+00,1.477235412597656250e+02,1.439821319580078125e+02,7.465995751809871850e-01,3.754095914319970362e-01,-5.971228183582152349e-01,4.987618728392326783e-01,-5.613576530882391502e-01,8.434747734709928668e-01,5.125193323840212534e-01,6.802842159882250828e-01,-7.443771197640470794e-01
5.900000000000000000e+01,7.428134707614977295e+00,1.490000000000000000e+02,1.440000000000000000e+02,8.454380989074705255e+00,1.482626953125000000e+02,1.439826202392578125e+02,7.465921972012342644e-01,3.754019016490917626e-01,-5.971309007104508293e-01,4.987573480237636470e-01,-5.613624181908872801e-01,8.434701216760168707e-01,5.125193301185076988e-01,6.802842136590623312e-01,-7.443771221449247966e-01
5.950000000000000000e+01,7.065860303038371981e+00,1.495000000000000000e+02,1.440000000000000000e+02,8.008482933044433594e+00,1.487723693847656250e+02,1.439843750000000000e+02,7.465858776471197000e-01,3.753950214632102989e-01,-5.971380716620593443e-01,4.987528348836889891e-01,-5.613669913345438189e-01,8.434653056787464465e-01,5.125193282014300911e-01,6.802842115266879430e-01,-7.443771243372078183e-01
