0.000000000000000000e+00,0.000000000000000000e+00,9.000000000000000000e+01,1.800000000000000000e+02,8.417357504367828369e-02,8.936846160888670454e+01,1.801423034667969034e+02,7.695212050649499202e-01,-3.982457995716134902e-01,5.754628944075524943e-01,4.994136375519238058e-01,-5.606923439602045089e-01,8.441394211168150585e-01,5.301205568598077456e-01,6.988547321924163391e-01,-7.334997723899966404e-01
5.000000000000000000e-01,6.584027692403608079e+00,9.050000000000000000e+01,1.800000000000000000e+02,8.417357504367828369e-02,8.936846160888670454e+01,1.801423034667969034e+02,7.695212050649499202e-01,-3.982457995716134902e-01,5.754628944075524943e-01,4.994136375519238058e-01,-5.606923439602045089e-01,8.441394211168150585e-01,5.301205568598077456e-01,6.988547321924163391e-01,-7.334997723899966404e-01
1.000000000000000000e+00,1.284694856514546579e+01,9.100000000000000000e+01,1.800000000000000000e+02,3.148236036300659180e+00,8.936846160888670454e+01,1.801423034667969034e+02,7.690802048268945423e-01,-3.985413477904679036e-01,5.754628944075524943e-01,4.994055383966470307e-01,-5.606979610545868020e-01,8.441394211168150585e-01,5.301204052389872912e-01,6.988545805715958847e-01,-7.334997723899966404e-01
1.500000000000000000e+00,1.880442318261719592e+01,9.150000000000000000e+01,1.800000000000000000e+02,7.881146430969237393e+00,8.936846160888670454e+01,1.801423034667969034e+02,7.682721036112497570e-01,-3.992588560586317059e-01,5.749820368651524793e-01,4.993793106500307721e-01,-5.607180364966689590e-01,8.441254979792669477e-01,5.301202536181854885e-01,6.988544289507940821e-01,-7.334999240107984431e-01
2.000000000000000000e+00,2.447134833447245583e+01,9.200000000000000000e+01,1.800000000000000000e+02,1.517538452148437678e+01,8.936846160888670454e+01,1.801423034667969034e+02,7.675515878826145721e-01,-4.001055022876973122e-01,5.742303047085814960e-01,4.993361616366980282e-01,-5.607529870711192022e-01,8.440987458436991497e-01,5.301201019974116635e-01,6.988542773300202571e-01,-7.335000756315722681e-01
2.500000000000000000e+00,2.986189428536034285e+01,9.250000000000000000e+01,1.800000000000000000e+02,2.310292434692382812e+01,8.936846160888670454e+01,1.801423034667969034e+02,7.670794333419903577e-01,-4.007548810486267210e-01,5.734672483902722995e-01,4.992720007876271793e-01,-5.608069036183394029e-01,8.440550735983295416e-01,5.301199503766658161e-01,6.988541257092744097e-01,-7.335002272523181155e-01
3.000000000000000000e+00,3.498954020796808351e+01,9.300000000000000000e+01,1.800000000000000000e+02,3.068349075317382812e+01,8.936846160888670454e+01,1.801423034667969034e+02,7.668527519461224573e-01,-4.011106904178313726e-01,5.729778852105903431e-01,4.991827394960237085e-01,-5.608838751745759410e-01,8.439903917774600473e-01,5.301197987559478353e-01,6.988539740885564289e-01,-7.335003788730360963e-01
3.500000000000000000e+00,3.986710788797368821e+01,9.350000000000000000e+01,1.800000000000000000e+02,3.677118682861328125e+01,8.936846160888670454e+01,1.801423034667969034e+02,7.667347990210927611e-01,-4.012747485830032157e-01,5.727203720960307720e-01,4.990642920458246423e-01,-5.609879880792636442e-01,8.439006134182838181e-01,5.301196471352576101e-01,6.988538224678662036e-01,-7.335005304937263215e-01
4.000000000000000000e+00,4.450679378518869100e+01,9.400000000000000000e+01,1.800000000000000000e+02,4.134560012817383523e+01,8.936846160888670454e+01,1.801423034667969034e+02,7.666405079200058204e-01,-4.013670927533508070e-01,5.725919325923242154e-01,4.989125767142891799e-01,-5.611233249077268725e-01,8.437816550928927128e-01,5.301194955145950294e-01,6.988536708472036230e-01,-7.335006821143889022e-01
4.500000000000000000e+00,4.892019953106060370e+01,9.450000000000000000e+01,1.800000000000000000e+02,4.251269149780273438e+01,8.936846160888670454e+01,1.801423034667969034e+02,7.663791886702384648e-01,-4.014960166268024544e-01,5.724656707500648256e-01,4.987235170443944932e-01,-5.612939632334275064e-01,8.436294381113860208e-01,5.301193438939600933e-01,6.988535192265686868e-01,-7.335008337350238383e-01
5.000000000000000000e+00,5.311836093879448839e+01,9.500000000000000000e+01,1.800000000000000000e+02,4.635634231567382102e+01,8.936836242675781250e+01,1.801423034667969034e+02,7.660909116575403965e-01,-4.017691802156087011e-01,5.723309033803198886e-01,4.984930375246548473e-01,-5.615039757721478342e-01,8.434398884945727426e-01,5.301191922733525796e-01,6.988533676059611732e-01,-7.335009853556313519e-01
5.500000000000000000e+00,5.711177559863430275e+01,9.550000000000000000e+01,1.800000000000000000e+02,5.060517120361328125e+01,8.936836242675781250e+01,1.801423034667969034e+02,7.657475462140016509e-01,-4.021260243362566600e-01,5.719927674334808199e-01,4.982170819052784139e-01,-5.617574287879310013e-01,8.432089425460951304e-01,5.301190406527724885e-01,6.988532159853810821e-01,-7.335011369762114430e-01
6.000000000000000000e+00,6.091042912730644332e+01,9.600000000000000000e+01,1.800000000000000000e+02,5.589550399780273438e+01,8.936836242675781250e+01,1.801423034667969034e+02,7.655117614344385535e-01,-4.024319428182612790e-01,5.716748402402961338e-01,4.978915954001955635e-01,-5.620583748607685948e-01,8.429325369055028494e-01,5.301188890322195979e-01,6.988530643648281915e-01,-7.335012885967643337e-01
6.500000000000000000e+00,6.452382013726284526e+01,9.650000000000000000e+01,1.800000000000000000e+02,6.084432983398437500e+01,8.936836242675781250e+01,1.801423034667969034e+02,7.653650182010508507e-01,-4.026319450653237930e-01,5.714153477322035934e-01,4.975125416775597609e-01,-5.624108530796197991e-01,8.426066341904361323e-01,5.301187374116936857e-01,6.988529127443022793e-01,-7.335014402172902459e-01
7.000000000000000000e+00,6.796098398815971109e+01,9.700000000000000000e+01,1.800000000000000000e+02,6.535722351074218750e+01,8.936836242675781250e+01,1.801423034667969034e+02,7.652878232780881973e-01,-4.027410326611172153e-01,5.712666678661433295e-01,4.970758952554150678e-01,-5.628188918524916762e-01,8.422272030668369602e-01,5.301185857911946409e-01,6.988527611238032344e-01,-7.335015918377892907e-01
7.500000000000000000e+00,7.123051537996300908e+01,9.750000000000000000e+01,1.800000000000000000e+02,6.636464691162109375e+01,8.936836242675781250e+01,1.801423034667969034e+02,7.651147471292490954e-01,-4.028336469269698239e-01,5.711357905077589781e-01,4.965776467921602100e-01,-5.632865038997253437e-01,8.417902274356244829e-01,5.301184341707223524e-01,6.988526095033309460e-01,-7.335017434582615792e-01
8.000000000000000000e+00,7.434058984417508498e+01,9.800000000000000000e+01,1.800000000000000000e+02,6.976259613037109375e+01,8.936836242675781250e+01,1.801423034667969034e+02,7.649754353925319883e-01,-4.029817189055131532e-01,5.710565561494830300e-01,4.960138053696207527e-01,-5.638176839982833588e-01,8.412917086610478545e-01,5.301182825502765983e-01,6.988524578828851919e-01,-7.335018950787073333e-01
8.500000000000000000e+00,7.729898418692188500e+01,9.850000000000000000e+01,1.800000000000000000e+02,7.294033050537109375e+01,8.936836242675781250e+01,1.801423950195312500e+02,7.648128342004288927e-01,-4.031525026588670957e-01,5.708750331216456697e-01,4.953804008864532427e-01,-5.644164066142562941e-01,8.407276679122693830e-01,5.301181307902060880e-01,6.988523062203886305e-01,-7.335020467412038947e-01
9.000000000000000000e+00,8.011309593501913184e+01,9.900000000000000000e+01,1.800000000000000000e+02,7.664218139648437500e+01,8.936836242675781250e+01,1.801423950195312500e+02,7.647012559889730943e-01,-4.032926186936305890e-01,5.707278660436404527e-01,4.946734865512028012e-01,-5.650866234341633820e-01,8.400941486077055931e-01,5.301179789746560678e-01,6.988521544048386103e-01,-7.335021984591443278e-01
9.500000000000000000e+00,8.278996183364233730e+01,9.950000000000000000e+01,1.800000000000000000e+02,7.761337280273437500e+01,8.936836242675781250e+01,1.801423950195312500e+02,7.644975000450671132e-01,-4.034292375103443740e-01,5.705563048882654753e-01,4.938891414636423227e-01,-5.658322608063179882e-01,8.393872189509568038e-01,5.301178271591320268e-01,6.988520025893145693e-01,-7.335023502746683688e-01
1.000000000000000000e+01,8.533627544185529246e+01,1.000000000000000000e+02,1.800000000000000000e+02,8.120067596435546875e+01,8.936836242675781250e+01,1.801423950195312500e+02,7.643677914120777794e-01,-4.035915956619012257e-01,5.704474433840348579e-01,4.930234732723569047e-01,-5.666572171041945882e-01,8.386029745464889107e-01,5.301176753436336320e-01,6.988518507738161745e-01,-7.335025020901667636e-01
1.050000000000000000e+01,8.775840386999404075e+01,1.005000000000000142e+02,1.800000000000000000e+02,8.427538299560546875e+01,8.936836242675781250e+01,1.801423950195312500e+02,7.642483939219378852e-01,-4.037333634593521237e-01,5.702699906038000144e-01,4.920726208959154691e-01,-5.675653600243594221e-01,8.377375410826005675e-01,5.301175235281605502e-01,6.988516989583430927e-01,-7.335026539056398454e-01
1.100000000000000000e+01,9.006240370075926194e+01,1.010000000000000000e+02,1.800000000000000000e+02,8.773729705810548296e+01,8.936836242675781250e+01,1.801423950195312500e+02,7.641897056481335992e-01,-4.038212787742853083e-01,5.701656034802040640e-01,4.910327572944033214e-01,-5.685605238320994292e-01,8.367870770686326454e-01,5.301173717127126706e-01,6.988515471428952130e-01,-7.335028057210877250e-01
1.150000000000000000e+01,9.225403613382781032e+01,1.015000000000000000e+02,1.800000000000000000e+02,8.872646331787109375e+01,8.936836242675781250e+01,1.801423950195312500e+02,7.640888224800451711e-01,-4.038877732554745914e-01,5.700659944292619796e-01,4.899000922775912925e-01,-5.696465065683877782e-01,8.357477766128680319e-01,5.301172198972895488e-01,6.988513953274720913e-01,-7.335029575365108467e-01
1.200000000000000000e+01,9.433878139185270584e+01,1.020000000000000000e+02,1.800000000000000000e+02,9.124931335449220171e+01,8.936836242675781250e+01,1.801423950195312500e+02,7.640193458253921044e-01,-4.039671021092883230e-01,5.700137069062030104e-01,4.886708753356076573e-01,-5.708270672322420802e-01,8.346158722271429520e-01,5.301170680818909631e-01,6.988512435120735056e-01,-7.335031093519094325e-01
1.250000000000000000e+01,9.632185242387431856e+01,1.025000000000000000e+02,1.800000000000000000e+02,9.346025085449218750e+01,8.936826324462890625e+01,1.801423950195312500e+02,7.639460167174586536e-01,-4.040462703406705325e-01,5.699233121529528878e-01,4.873413845104622166e-01,-5.721059267291261907e-01,8.333876340170662811e-01,5.301169162665165802e-01,6.988510916966991227e-01,-7.335032611672838154e-01
1.300000000000000000e+01,9.820820794040831458e+01,1.030000000000000000e+02,1.800000000000000000e+02,9.604608917236329546e+01,8.936826324462890625e+01,1.801423950195312500e+02,7.639009786482586772e-01,-4.041058790038991044e-01,5.698589569115507514e-01,4.859079706493443229e-01,-5.734867642426061396e-01,8.320593832804924483e-01,5.301167644511661781e-01,6.988509398813487206e-01,-7.335034129826342175e-01
1.350000000000000000e+01,1.000025648128046498e+02,1.035000000000000000e+02,1.800000000000000000e+02,9.656444549560546875e+01,8.936826324462890625e+01,1.801423950195312500e+02,7.638115635561444350e-01,-4.041621091782969799e-01,5.697845353035976279e-01,4.843670120834324133e-01,-5.749732016059020401e-01,8.306274671198126125e-01,5.301166126358393127e-01,6.988507880660218552e-01,-7.335035647979610829e-01
1.400000000000000000e+01,1.017094098678831244e+02,1.040000000000000000e+02,1.800000000000000000e+02,9.886513519287109375e+01,8.936826324462890625e+01,1.801423950195312500e+02,7.637524927457667312e-01,-4.042335131450187635e-01,5.697396317262872767e-01,4.827149522126504833e-01,-5.765688068022183366e-01,8.290883165979618941e-01,5.301164608205356510e-01,6.988506362507181935e-01,-7.335037166132647446e-01
1.450000000000000000e+01,1.033330111073373132e+02,1.045000000000000000e+02,1.800000000000000000e+02,1.009426727294921875e+02,8.936826324462890625e+01,1.801423950195312500e+02,7.636972556001573320e-01,-4.042992400796791563e-01,5.696601819299291769e-01,4.809482811707156413e-01,-5.782771014967947876e-01,8.274383982507438340e-01,5.301163090052547489e-01,6.988504844354372914e-01,-7.335038684285456467e-01
1.500000000000000000e+01,1.048774283799619695e+02,1.050000000000000142e+02,1.800000000000000000e+02,1.031815414428710938e+02,8.936826324462890625e+01,1.801423950195312500e+02,7.636670692463473076e-01,-4.043417874915502530e-01,5.696095545680485150e-01,4.790635454175922736e-01,-5.801015516980752018e-01,8.256742336013064287e-01,5.301161571899963842e-01,6.988503326201789267e-01,-7.335040202438040113e-01
1.550000000000000000e+01,1.063465235333896857e+02,1.055000000000000000e+02,1.800000000000000000e+02,1.050454025268554830e+02,8.936826324462890625e+01,1.801423950195312500e+02,7.636483536275383566e-01,-4.043661815127814751e-01,5.695751714002419419e-01,4.770573503260810977e-01,-5.820455651682912013e-01,8.237924017523855502e-01,5.301160053747600021e-01,6.988501808049425446e-01,-7.335041720590403935e-01
1.600000000000000000e+01,1.077439700707215309e+02,1.060000000000000000e+02,1.800000000000000000e+02,1.054352493286132955e+02,8.936826324462890625e+01,1.801423950195312500e+02,7.636098562346228524e-01,-4.043878774094334938e-01,5.695468928715456958e-01,4.749263626812263994e-01,-5.841124889190318914e-01,8.217895418957588127e-01,5.301158535595452692e-01,6.988500289897278117e-01,-7.335043238742551264e-01
1.650000000000000000e+01,1.090732623361981979e+02,1.065000000000000000e+02,1.800000000000000000e+02,1.068604431152343892e+02,8.936826324462890625e+01,1.801423950195312500e+02,7.635770379819372122e-01,-4.044221179745809969e-01,5.695275959865754301e-01,4.726673130827325764e-01,-5.863056068017064026e-01,8.196623557289036688e-01,5.301157017443518527e-01,6.988498771745343952e-01,-7.335044756894485429e-01
1.700000000000000000e+01,1.103377242528808182e+02,1.070000000000000142e+02,1.800000000000000000e+02,1.082433547973632812e+02,8.936826324462890625e+01,1.801423950195312500e+02,7.635397719472264422e-01,-4.044614916379429825e-01,5.694865159053670300e-01,4.702769982425451523e-01,-5.886281372008784762e-01,8.174076097707470012e-01,5.301155499291791973e-01,6.988497253593617398e-01,-7.335046275046211983e-01
1.750000000000000000e+01,1.115405176341898965e+02,1.075000000000000000e+02,1.800000000000000000e+02,1.084623947143554830e+02,8.936826324462890625e+01,1.801423950195312500e+02,7.634718846981415341e-01,-4.045076824446798835e-01,5.694377127179877096e-01,4.677522831721558916e-01,-5.910832308360888243e-01,8.150221375707155103e-01,5.301153981140269700e-01,6.988495735442095125e-01,-7.335047793197734256e-01
1.800000000000000000e+01,1.126846500900858246e+02,1.080000000000000000e+02,1.800000000000000000e+02,1.104160079956054688e+02,8.936826324462890625e+01,1.801423950195312500e+02,7.634314083130437911e-01,-4.045626013272062838e-01,5.694003456494559634e-01,4.650901032570876614e-01,-5.936739686749291645e-01,8.125028418081029491e-01,5.301152462988946157e-01,6.988494217290771582e-01,-7.335049311349057799e-01
1.850000000000000000e+01,1.137729825476602770e+02,1.085000000000000000e+02,1.800000000000000000e+02,1.121380844116210938e+02,8.936826324462890625e+01,1.801423950195312500e+02,7.634014451334933948e-01,-4.046041792878840582e-01,5.693439321349427207e-01,4.622874662194466633e-01,-5.964033599567488686e-01,8.098466962821044834e-01,5.301150944837816903e-01,6.988492699139642328e-01,-7.335050829500187053e-01
1.900000000000000000e+01,1.148082364049442532e+02,1.090000000000000000e+02,1.800000000000000000e+02,1.137779235839843892e+02,8.936826324462890625e+01,1.801423950195312500e+02,7.633883683926065977e-01,-4.046249294317882383e-01,5.693151385062206193e-01,4.593414539734543833e-01,-5.992743403224062293e-01,8.070507477967820975e-01,5.301149426686877497e-01,6.988491180988702922e-01,-7.335052347651126459e-01
1.950000000000000000e+01,1.157930003358206505e+02,1.095000000000000142e+02,1.800000000000000000e+02,1.151036071777343608e+02,8.936826324462890625e+01,1.801423950195312500e+02,7.633822320398975236e-01,-4.046341003421692339e-01,5.693005861256400513e-01,4.562492243835418737e-01,-6.022897700408648136e-01,8.041121179497774385e-01,5.301147908536122388e-01,6.988489662837947813e-01,-7.335053865801881567e-01
2.000000000000000000e+01,1.167297367630572893e+02,1.100000000000000000e+02,1.800000000000000000e+02,1.160258712768554688e+02,8.936826324462890625e+01,1.801423950195312500e+02,7.633773987917713555e-01,-4.046388342128516835e-01,5.692935112546471110e-01,4.530080129399637889e-01,-6.054524323181267320e-01,8.010280048388316310e-01,5.301146390385546026e-01,6.988488144687371451e-01,-7.335055383952457930e-01
2.050000000000000000e+01,1.176207880156464256e+02,1.105000000000000000e+02,1.800000000000000000e+02,1.167580032348632812e+02,8.936826324462890625e+01,1.801423950195312500e+02,7.633718600098400309e-01,-4.046433527874995772e-01,5.692890855873745659e-01,4.496151343730341310e-01,-6.087650316679193985e-01,7.977956847061757895e-01,5.301144872235143968e-01,6.988486626536969393e-01,-7.335056902102859988e-01
2.100000000000000000e+01,1.184683821858474460e+02,1.110000000000000000e+02,1.800000000000000000e+02,1.174102478027343750e+02,8.936826324462890625e+01,1.801423950195312500e+02,7.633640517258405422e-01,-4.046497195294808114e-01,5.692838915574843783e-01,4.460679842340679602e-01,-6.122301923166499904e-01,7.944125135476808319e-01,5.301143354084911774e-01,6.988485108386737199e-01,-7.335058420253092182e-01
2.150000000000000000e+01,1.192746387005779098e+02,1.115000000000000142e+02,1.800000000000000000e+02,1.181147384643554688e+02,8.936826324462890625e+01,1.801423950195312500e+02,7.633543028686440302e-01,-4.046586130538319392e-01,5.692766399289765911e-01,4.423640404790090686e-01,-6.158504566073270681e-01,7.908759287213856792e-01,5.301141835934842783e-01,6.988483590236668208e-01,-7.335059938403161173e-01
2.200000000000000000e+01,1.200415736210849218e+02,1.120000000000000000e+02,1.800000000000000000e+02,1.188987274169921875e+02,8.936826324462890625e+01,1.801423950195312500e+02,7.633440121540430168e-01,-4.046690573308080463e-01,5.692671119987028350e-01,4.385008650996202184e-01,-6.196282833583462990e-01,7.871834505987361785e-01,5.301140317784931444e-01,6.988482072086756869e-01,-7.335061456553072512e-01
2.250000000000000000e+01,1.207711046841483125e+02,1.125000000000000000e+02,1.800000000000000000e+02,1.197460861206054688e+02,8.936826324462890625e+01,1.801423950195312500e+02,7.633349824166220099e-01,-4.046791250520206384e-01,5.692568940427163993e-01,4.344761058571027790e-01,-6.235660461231439244e-01,7.833326843116583671e-01,5.301138799635172205e-01,6.988480553936997630e-01,-7.335062974702831751e-01
2.300000000000000000e+01,1.214650560974214812e+02,1.130000000000000000e+02,1.800000000000000000e+02,1.205429611206054688e+02,8.936826324462890625e+01,1.801423950195312500e+02,7.633273553847471637e-01,-4.046876034077790396e-01,5.692474410854333478e-01,4.302874981842090829e-01,-6.276660312856344737e-01,7.793213216595709092e-01,5.301137281485558406e-01,6.988479035787383831e-01,-7.335064492852445550e-01
2.350000000000000000e+01,1.221251631009008065e+02,1.135000000000000000e+02,1.800000000000000000e+02,1.213474578857421875e+02,8.936826324462890625e+01,1.801423950195312500e+02,7.633217650892695216e-01,-4.046942316047852373e-01,5.692400730537826581e-01,4.259328673344353611e-01,-6.319304359139406024e-01,7.751471432527322625e-01,5.301135763336085605e-01,6.988477517637911030e-01,-7.335066011001918351e-01
2.400000000000000000e+01,1.227530763059293122e+02,1.140000000000000142e+02,1.800000000000000000e+02,1.220481414794921733e+02,8.936826324462890625e+01,1.801423950195312500e+02,7.633171885065175299e-01,-4.046992806279577914e-01,5.692340866224016027e-01,4.214101308708845806e-01,-6.363613652810518051e-01,7.708080209820606932e-01,5.301134245186746030e-01,6.988475999488571455e-01,-7.335067529151257926e-01
2.450000000000000000e+01,1.233503658225849762e+02,1.145000000000000000e+02,1.800000000000000000e+02,1.226842727661132812e+02,8.936826324462890625e+01,1.801423950195312500e+02,7.633133193711864051e-01,-4.047033753835127534e-01,5.692295691654247758e-01,4.167173016030296107e-01,-6.409608299455462621e-01,7.663019209209268601e-01,5.301132727037534131e-01,6.988474481339359556e-01,-7.335069047300469824e-01
2.500000000000000000e+01,1.239185251857736461e+02,1.150000000000000000e+02,1.800000000000000000e+02,1.232850570678710938e+02,8.936826324462890625e+01,1.801423950195312500e+02,7.633098965373065203e-01,-4.047069745005265062e-01,5.692257601737189532e-01,4.118524910970833841e-01,-6.457307422681899389e-01,7.616269067815857330e-01,5.301131208888444357e-01,6.988472963190269782e-01,-7.335070565449559599e-01
2.550000000000000000e+01,1.244589750898443157e+02,1.154999999999999858e+02,1.800000000000000000e+02,1.237967758178710938e+02,8.936826324462890625e+01,1.801423950195312500e+02,7.633063189051946251e-01,-4.047103969082160857e-01,5.692221615048451699e-01,4.068139139052147080e-01,-6.506729122208644300e-01,7.567811440681053714e-01,5.301129690739468936e-01,6.988471445041294361e-01,-7.335072083598535020e-01
2.600000000000000000e+01,1.249730669410649284e+02,1.160000000000000142e+02,1.800000000000000000e+02,1.243163986206054830e+02,8.936826324462890625e+01,1.801423950195312500e+02,7.633028631974804190e-01,-4.047138817224841811e-01,5.692188278878674845e-01,4.015998926806867431e-01,-6.557890423226236942e-01,7.517629050891148079e-01,5.301128172590601206e-01,6.988469926892426631e-01,-7.335073601747402749e-01
2.650000000000000000e+01,1.254620862368419978e+02,1.165000000000000000e+02,1.800000000000000000e+02,1.248503875732421875e+02,8.936826324462890625e+01,1.801423950195312500e+02,7.632997112552025731e-01,-4.047172653830428679e-01,5.692154157275900461e-01,3.962088643704266278e-01,-6.610807215134583137e-01,7.465705750177056288e-01,5.301126654441835617e-01,6.988468408743661042e-01,-7.335075119896168339e-01
2.700000000000000000e+01,1.259272557801337911e+02,1.170000000000000000e+02,1.800000000000000000e+02,1.249582977294922017e+02,8.936826324462890625e+01,1.801423950195312500e+02,7.632931198504319115e-01,-4.047214265058972638e-01,5.692109486955060360e-01,3.906393877038741858e-01,-6.665494177492353733e-01,7.412026592127037850e-01,5.301125136293164397e-01,6.988466890594989822e-01,-7.335076638044839559e-01
2.750000000000000000e+01,1.263697387370944796e+02,1.175000000000000142e+02,1.800000000000000000e+02,1.254981384277343750e+02,8.936826324462890625e+01,1.801423950195312500e+02,7.632877296940251410e-01,-4.047274187426926351e-01,5.692071658245785315e-01,3.848901522275524623e-01,-6.721964690709434365e-01,7.356577920456093267e-01,5.301123618144579774e-01,6.988465372446405199e-01,-7.335078156193424181e-01
2.800000000000000000e+01,1.267906415455955766e+02,1.180000000000000142e+02,1.800000000000000000e+02,1.260500946044921875e+02,8.936826324462890625e+01,1.801423950195312500e+02,7.632826792771126856e-01,-4.047333629235391195e-01,5.692005576788220500e-01,3.789599891690221267e-01,-6.780230728674353502e-01,7.299347475111558348e-01,5.301122099996075088e-01,6.988463854297900513e-01,-7.335079674341928868e-01
2.850000000000000000e+01,1.271910166818967980e+02,1.185000000000000142e+02,1.800000000000000000e+02,1.261737289428711080e+02,8.936826324462890625e+01,1.801423950195312500e+02,7.632747697678220478e-01,-4.047391207467056495e-01,5.691937809032057149e-01,3.728478844521103119e-01,-6.840302730129472764e-01,7.240324519370436862e-01,5.301120581847643676e-01,6.988462336149469101e-01,-7.335081192490360280e-01
2.900000000000000000e+01,1.275718652923850271e+02,1.190000000000000000e+02,1.800000000000000000e+02,1.267994079589843750e+02,8.936826324462890625e+01,1.801423950195312500e+02,7.632700041106188493e-01,-4.047453968792913970e-01,5.691892121164111584e-01,3.665529942279175390e-01,-6.902189445184033767e-01,7.179499991503242029e-01,5.301119063699277767e-01,6.988460818001103192e-01,-7.335082710638726189e-01
2.950000000000000000e+01,1.279341396969616227e+02,1.195000000000000000e+02,1.800000000000000000e+02,1.269814376831054545e+02,8.936826324462890625e+01,1.801423950195312500e+02,7.632624007875663530e-01,-4.047515617058212722e-01,5.691810933476831869e-01,3.600746633334560576e-01,-6.965897752885431560e-01,7.116866685045061258e-01,5.301117545550969590e-01,6.988459299852795015e-01,-7.335084228787034366e-01
3.000000000000000000e+01,1.282787457703383609e+02,1.200000000000000142e+02,1.800000000000000000e+02,1.276129837036132812e+02,8.936826324462890625e+01,1.801423950195312500e+02,7.632585502220117224e-01,-4.047570718448659788e-01,5.691766256891170883e-01,3.534124471421353220e-01,-7.031432445249568008e-01,7.052419462229995162e-01,5.301116027402711373e-01,6.988457781704536798e-01,-7.335085746935292583e-01
3.050000000000000000e+01,1.284159723075963768e+02,1.205000000000000142e+02,1.440000000000000000e+02,1.278137664794921733e+02,8.936826324462890625e+01,1.801423950195312500e+02,7.632548641453025251e-01,-4.047611469466558809e-01,5.691707942399012454e-01,3.465661373278487445e-01,-7.098795972580165259e-01,6.986155505711666436e-01,5.258218370230136607e-01,6.988288772076712840e-01,-7.335254756563116540e-01
3.100000000000000000e+01,1.221530514348545324e+02,1.210000000000000000e+02,1.440000000000000000e+02,1.282585906982421875e+02,8.936826324462890625e+01,1.801423950195312500e+02,7.630949015827748205e-01,-4.047453694070681229e-01,5.691882369262279973e-01,3.395357921270911183e-01,-7.167988144284809238e-01,6.918074614309954740e-01,5.159204378179420569e-01,6.889274780025996803e-01,-7.335644855208330872e-01
3.150000000000000000e+01,1.161955768173828005e+02,1.215000000000000000e+02,1.440000000000000000e+02,1.283925781250000000e+02,8.936826324462890625e+01,1.801423950195312500e+02,7.624273584120907499e-01,-4.050795262162563137e-01,5.692211957148480828e-01,3.323217717510269509e-01,-7.239005778725438045e-01,6.848179549189339355e-01,5.059874737853965465e-01,6.789945139700541699e-01,-7.434974495533785976e-01
3.200000000000000000e+01,1.105286516655275477e+02,1.220000000000000000e+02,1.440000000000000000e+02,1.240633773803710938e+02,8.936826324462890625e+01,1.801423950195312500e+02,7.612875070129611066e-01,-4.061067187356013353e-01,5.687070066859428730e-01,3.249247796709877623e-01,-7.311842294930253061e-01,6.776476437580101209e-01,4.960755496019581545e-01,6.690825897866158334e-01,-7.534093737368169341e-01
3.250000000000000000e+01,1.051381057146396643e+02,1.225000000000000142e+02,1.440000000000000000e+02,1.223883743286132812e+02,8.936826324462890625e+01,1.801423950195312500e+02,7.591711152251866546e-01,-4.077672599708532797e-01,5.672105874718093022e-01,3.173459105751662013e-01,-7.386487238255832199e-01,6.702975241887159097e-01,4.861863028919051755e-01,6.591933430765628543e-01,-7.632986204468699132e-01
3.300000000000000000e+01,1.000104597920319094e+02,1.230000000000000142e+02,1.440000000000000000e+02,1.140745086669921733e+02,8.936816406250000000e+01,1.801423950195312500e+02,7.575935290543411860e-01,-4.097022493505635965e-01,5.656923763006337369e-01,3.095866739512695975e-01,-7.462925820355043038e-01,6.627690215103559934e-01,4.763217698945426681e-01,6.493288100792004025e-01,-7.731631534442323650e-01
3.350000000000000000e+01,9.513289211202632600e+01,1.235000000000000000e+02,1.440000000000000000e+02,1.021069259643554830e+02,8.936816406250000000e+01,1.801423950195312500e+02,7.569521439570480181e-01,-4.109956860540560641e-01,5.641059106413638391e-01,3.016491550929867871e-01,-7.541138235439133197e-01,6.550640804170910769e-01,4.664844229313324653e-01,6.394914631159901441e-01,-7.830005004074426234e-01
3.400000000000000000e+01,9.049320621481130900e+01,1.240000000000000284e+02,1.440000000000000000e+02,9.296454620361329546e+01,8.936816406250000000e+01,1.801423950195312500e+02,7.568037037348231966e-01,-4.114145790997454921e-01,5.632611581792016375e-01,2.935359726104273537e-01,-7.621098712823430876e-01,6.471851674227909745e-01,4.566772107477113374e-01,6.296842509323690162e-01,-7.928077125910637513e-01
3.450000000000000000e+01,8.607980046893941051e+01,1.245000000000000142e+02,1.440000000000000000e+02,8.553270721435546875e+01,8.936816406250000000e+01,1.801423950195312500e+02,7.568154960740822723e-01,-4.114678476775033289e-01,5.631108361408613261e-01,2.852504474593751671e-01,-7.702774759642545543e-01,6.391354832100202277e-01,4.469036005525888755e-01,6.199106407372465544e-01,-8.025813227861862131e-01
3.500000000000000000e+01,8.188163906120551871e+01,1.250000000000000142e+02,1.440000000000000000e+02,8.223505401611326704e+01,8.936816406250000000e+01,1.801423950195312500e+02,7.568118781796765449e-01,-4.114622471062834297e-01,5.630855371347047722e-01,2.767966482243357507e-01,-7.786126481483349737e-01,6.309189380768988054e-01,4.371676219420871368e-01,6.101746621267448711e-01,-8.123173013966878964e-01
3.550000000000000000e+01,7.788822440136570435e+01,1.255000000000000000e+02,1.440000000000000000e+02,8.045146179199220171e+01,8.936816406250000000e+01,1.801423950195312500e+02,7.567862175972935868e-01,-4.114657851451708481e-01,5.630910140880224235e-01,2.681795158815112878e-01,-7.871105347883153858e-01,6.225402971397624441e-01,4.274739118730728760e-01,6.004809520577306658e-01,-8.220110114657021017e-01
3.600000000000000000e+01,7.408957087269355668e+01,1.260000000000000000e+02,1.440000000000000000e+02,7.909276580810546875e+01,8.936816406250000000e+01,1.801423950195312500e+02,7.566641489471030990e-01,-4.115283233697314969e-01,5.630823914204950986e-01,2.594049860037473954e-01,-7.957652982163068156e-01,6.140053001615434214e-01,4.178277604300624781e-01,5.908348006147202680e-01,-8.316571629087124995e-01
3.650000000000000000e+01,7.047617986273715474e+01,1.265000000000000142e+02,1.440000000000000000e+02,7.673554229736328125e+01,8.936816406250000000e+01,1.801423950195312500e+02,7.564274891905495846e-01,-4.117174887851824949e-01,5.629854781736284286e-01,2.504801256450965297e-01,-8.045699805641844948e-01,6.053207958244389841e-01,4.082351564623866724e-01,5.812421966470444623e-01,-8.412497668763883052e-01
3.700000000000000000e+01,6.703901601184027470e+01,1.270000000000000142e+02,1.440000000000000000e+02,7.320897674560546875e+01,8.936816406250000000e+01,1.801423950195312500e+02,7.561449136243533209e-01,-4.120041588241525887e-01,5.627563388480039119e-01,2.414132856052970677e-01,-8.135163529226454582e-01,5.964948911473164639e-01,3.987028321102977779e-01,5.717098722949555123e-01,-8.507820912284772552e-01
3.750000000000000000e+01,6.376948462003698381e+01,1.275000000000000142e+02,1.440000000000000000e+02,6.887069702148437500e+01,8.936816406250000000e+01,1.801423950195312500e+02,7.559144662199044351e-01,-4.122828869626328219e-01,5.624735719853350968e-01,2.322142684458719242e-01,-8.225947488618584602e-01,5.875371164283157421e-01,3.892383050288360513e-01,5.622453452134937857e-01,-8.602466183099389818e-01
3.800000000000000000e+01,6.065941015582491502e+01,1.280000000000000000e+02,1.440000000000000000e+02,6.426454162597656250e+01,8.936816406250000000e+01,1.801423950195312500e+02,7.557776879551320048e-01,-4.124764263623141858e-01,5.622394843993855362e-01,2.228945121519432249e-01,-8.317938824094465167e-01,5.784586056270684118e-01,3.798499168966462669e-01,5.528569570813040013e-01,-8.696350064421287662e-01
3.850000000000000000e+01,5.770101581307810790e+01,1.285000000000000000e+02,1.440000000000000000e+02,6.307245635986328836e+01,8.936816406250000000e+01,1.801423950195312500e+02,7.555494090376628780e-01,-4.126296395464073563e-01,5.620226898105522562e-01,2.134672886727131125e-01,-8.411006512351525410e-01,5.692722914548865587e-01,3.705468665719175436e-01,5.435539067565752225e-01,-8.789380567668575450e-01
3.900000000000000000e+01,5.488690406498088237e+01,1.290000000000000284e+02,1.440000000000000000e+02,5.925868606567383523e+01,8.936816406250000000e+01,1.801423950195312500e+02,7.554069516523523875e-01,-4.128046714614306834e-01,5.619052142358650359e-01,2.039479156933695914e-01,-8.504999266621854348e-01,5.599931135801643478e-01,3.613392360408893000e-01,5.343462762255469789e-01,-8.881456872978857886e-01
3.950000000000000000e+01,5.221003816635766981e+01,1.295000000000000000e+02,1.440000000000000000e+02,5.806962203979491477e+01,8.936816406250000000e+01,1.801423950195312500e+02,7.551394254956361740e-01,-4.130042702831061563e-01,5.616599748337932629e-01,1.943539788590430140e-01,-8.599743332456499800e-01,5.506382372475617792e-01,3.522380071111984590e-01,5.252450472958560823e-01,-8.972469162275766852e-01
4.000000000000000000e+01,4.966372455814471465e+01,1.300000000000000000e+02,1.440000000000000000e+02,5.411591339111327414e+01,8.936816406250000000e+01,1.801423950195312500e+02,7.549810225253651419e-01,-4.132127465011927181e-01,5.615044326319084123e-01,1.847055602626013204e-01,-8.695040220533211128e-01,5.412272782286612349e-01,3.432550666516444582e-01,5.162621068363020260e-01,-9.062298566871307415e-01
4.050000000000000000e+01,4.724159613000596636e+01,1.305000000000000000e+02,1.440000000000000000e+02,5.069335556030274148e+01,8.936816406250000000e+01,1.801423950195312500e+02,7.548562832233840503e-01,-4.133736392107013602e-01,5.612926796354925640e-01,1.750254673137295880e-01,-8.790664434622744716e-01,5.317825283596262498e-01,3.344031980938697024e-01,5.074102382785272702e-01,-9.150817252449054973e-01
4.100000000000000000e+01,4.493759629924073806e+01,1.310000000000000000e+02,1.440000000000000000e+02,4.707050323486328836e+01,8.936816406250000000e+01,1.801423950195312500e+02,7.548025888935970817e-01,-4.134605346612717502e-01,5.611805991262689419e-01,1.653394541443317101e-01,-8.886361272295300040e-01,5.223291739945131740e-01,3.256960569144659035e-01,4.987030970991234713e-01,-9.237888664243092407e-01
4.150000000000000000e+01,4.274596386617218968e+01,1.315000000000000000e+02,1.440000000000000000e+02,4.428974151611328125e+01,8.936816406250000000e+01,1.801423950195312500e+02,7.547732121664089133e-01,-4.135011219992008602e-01,5.611149151884901043e-01,1.556764255309479317e-01,-8.981844797506148836e-01,5.128954975657272763e-01,3.171481279333391301e-01,4.901551681179966979e-01,-9.323367954054360141e-01
4.200000000000000000e+01,4.066121860814728706e+01,1.320000000000000000e+02,1.440000000000000000e+02,4.223641967773438211e+01,8.936816406250000000e+01,1.801423950195312500e+02,7.547501613595030134e-01,-4.135237129694594449e-01,5.610837031566610067e-01,1.460686110369921464e-01,-9.076796106797807573e-01,5.035130502013513976e-01,3.087746625194461303e-01,4.817817027041036981e-01,-9.407102608193289583e-01
4.250000000000000000e+01,3.867814757612566012e+01,1.325000000000000000e+02,1.440000000000000000e+02,4.064149856567382812e+01,8.936806488037109375e+01,1.801423950195312500e+02,7.547218992336913734e-01,-4.135463877387922094e-01,5.610614807224655332e-01,1.365516646415763091e-01,-9.170862115250720814e-01,4.942167730219125810e-01,3.005915942073337233e-01,4.735986343919912911e-01,-9.488933291314413099e-01
4.300000000000000000e+01,3.679179205959169963e+01,1.330000000000000284e+02,1.440000000000000000e+02,3.922021102905273438e+01,8.936816406250000000e+01,1.801423950195312500e+02,7.546814754577566564e-01,-4.135790699330431641e-01,5.610352597219340209e-01,1.271648619039570660e-01,-9.263654673244315907e-01,4.850451068362153229e-01,2.926154320293129496e-01,4.656224722139705174e-01,-9.568694913094620835e-01
4.350000000000000000e+01,3.499743518719535018e+01,1.335000000000000284e+02,1.440000000000000000e+02,3.757372665405273438e+01,8.936816406250000000e+01,1.801423950195312500e+02,7.546334135819411371e-01,-4.136243731809247648e-01,5.609986325263485174e-01,1.179508664269246360e-01,-9.354750710932867586e-01,4.760398740679537832e-01,2.848631304658680863e-01,4.578701706505256541e-01,-9.646217928729069468e-01
4.400000000000000000e+01,3.329059013211687557e+01,1.340000000000000000e+02,1.440000000000000000e+02,3.582196807861328125e+01,8.936806488037109375e+01,1.801423950195312500e+02,7.545826608431229765e-01,-4.136760264111813412e-01,5.609499440585246077e-01,1.089558216525727541e-01,-9.443693267236589195e-01,4.672463875925627064e-01,2.773519382370567832e-01,4.503589784217143510e-01,-9.721329851017181944e-01
4.450000000000000000e+01,3.166698889266268324e+01,1.345000000000000000e+02,1.440000000000000000e+02,3.393222045898437500e+01,8.936806488037109375e+01,1.801423950195312500e+02,7.545388826261179016e-01,-4.137249482144579327e-01,5.609001542495791748e-01,1.002290712388528432e-01,-9.529993967004488642e-01,4.587130172306458364e-01,2.700992267279443415e-01,4.431062669126019093e-01,-9.793856966108306361e-01
4.500000000000000000e+01,3.012257162003802691e+01,1.350000000000000000e+02,1.440000000000000000e+02,3.214345169067382812e+01,8.936806488037109375e+01,1.801423950195312500e+02,7.545024122683969825e-01,-4.137658283274071591e-01,5.608544710541352174e-01,9.182276250483960289e-02,-9.613135955040813529e-01,4.504909283573940160e-01,2.631223008811794939e-01,4.361293410658370617e-01,-9.863626224575954282e-01
4.550000000000000000e+01,2.865347646661031433e+01,1.355000000000000284e+02,1.440000000000000000e+02,3.036942863464355113e+01,8.936806488037109375e+01,1.801423950195312500e+02,7.544754383879164195e-01,-4.137975955167882969e-01,5.608188627856361963e-01,8.379144570756520694e-02,-9.692578650446511679e-01,4.426337060735287543e-01,2.564381965218557879e-01,4.294452367065133558e-01,-9.930467268169190787e-01
4.600000000000000000e+01,2.725602992927847623e+01,1.360000000000000000e+02,1.440000000000000000e+02,2.886132240295410156e+01,8.936806488037109375e+01,1.801423950195312500e+02,7.544523655901834713e-01,-4.138222588214145459e-01,5.607898167657507926e-01,7.617839800581377441e-02,-9.767892836259058909e-01,4.351839166127707825e-01,2.500634660400398723e-01,4.230705062246974402e-01,-9.994214572987349943e-01
4.650000000000000000e+01,2.592673766380180567e+01,1.365000000000000000e+02,1.440000000000000000e+02,2.748544311523437500e+01,8.936806488037109375e+01,1.801423950195312500e+02,7.544319376995035631e-01,-4.138432972665752052e-01,5.607673280503437940e-01,6.900653247943348834e-02,-9.838850662850309181e-01,4.281642168209010002e-01,2.440139580452160284e-01,4.170209982298735962e-01,-1.005470965293558727e+00
4.700000000000000000e+01,2.466227574711918180e+01,1.370000000000000000e+02,1.440000000000000000e+02,2.623612785339355469e+01,8.936806488037109375e+01,1.801423950195312500e+02,7.544118006217038763e-01,-4.138632405463898434e-01,5.607467887002328677e-01,6.229856915520756017e-02,-9.905226150511733385e-01,4.215970826128421778e-01,2.383046152969533482e-01,4.113116554816109161e-01,-1.011180308041821352e+00
4.750000000000000000e+01,2.345948236581009638e+01,1.375000000000000000e+02,1.440000000000000000e+02,2.501395988464355469e+01,8.936806488037109375e+01,1.801423950195312500e+02,7.543923035011695921e-01,-4.138829806737622241e-01,5.607272385506193446e-01,5.607698756124292194e-02,-9.966795661500362780e-01,4.155047620090808747e-01,2.329492747491893889e-01,4.059563149338469845e-01,-1.016535648589585339e+00
4.800000000000000000e+01,2.231534990991418255e+01,1.380000000000000284e+02,1.440000000000000000e+02,2.473319816589355469e+01,8.936806488037109375e+01,1.801423950195312500e+02,7.543521551602871966e-01,-4.139087927540553991e-01,5.607011047555373606e-01,5.036397928505857713e-02,-1.002333837217202150e+00,4.099092281509333913e-01,2.279604840953600997e-01,4.009675242800176953e-01,-1.021524439243414628e+00
4.850000000000000000e+01,2.122701745233973014e+01,1.385000000000000000e+02,1.440000000000000000e+02,2.330370521545410156e+01,8.936806488037109375e+01,1.801423950195312500e+02,7.543211842058615835e-01,-4.139448516500888742e-01,5.606779218518546104e-01,4.518140068873630760e-02,-1.007463674367622630e+00,4.048321324464146387e-01,2.233493407059303770e-01,3.963563808905879449e-01,-1.026135582632844434e+00
4.900000000000000000e+01,2.019176359505573615e+01,1.390000000000000000e+02,1.440000000000000000e+02,2.179686927795410156e+01,8.936806488037109375e+01,1.801423950195312500e+02,7.542959404371673005e-01,-4.139775120699608069e-01,5.606398959431794227e-01,4.055072593635199174e-02,-1.012047698966822118e+00,4.002947580004000416e-01,2.191253579859218370e-01,3.921323981705793771e-01,-1.030359565352853002e+00
4.950000000000000000e+01,1.920699966417933169e+01,1.395000000000000284e+02,1.440000000000000000e+02,2.150555992126464488e+01,8.936806488037109375e+01,1.801423950195312500e+02,7.542550546942230483e-01,-4.140060629587822283e-01,5.606029567671032554e-01,3.649300049009440716e-02,-1.016064953948129901e+00,3.963179734840422408e-01,2.152963630166388476e-01,3.883034032012963599e-01,-1.034188560322135908e+00
5.000000000000000000e+01,1.827026323694271781e+01,1.400000000000000284e+02,1.440000000000000000e+02,1.985116577148437500e+01,8.936806488037109375e+01,1.801423950195312500e+02,7.542348343381249931e-01,-4.140354624352809432e-01,5.605824268433577950e-01,3.302879523198218314e-02,-1.019494949519708094e+00,3.929221875989981627e-01,2.118684279683633875e-01,3.848754681530208721e-01,-1.037616495370411451e+00
5.050000000000000000e+01,1.737921198435357084e+01,1.405000000000000000e+02,1.440000000000000000e+02,1.938407707214355469e+01,8.936806488037109375e+01,1.801423950195312500e+02,7.542003672355035437e-01,-4.140626408874492626e-01,5.605429106121934124e-01,3.017816136789372786e-02,-1.022317708105289880e+00,3.901273042919230494e-01,2.088458362835732829e-01,3.818528764682307397e-01,-1.040639087055201584e+00
5.100000000000000000e+01,1.653161781415255760e+01,1.410000000000000000e+02,1.440000000000000000e+02,1.785478019714355469e+01,8.936806488037109375e+01,1.801423950195312500e+02,7.541851211310015568e-01,-4.140857418938214685e-01,5.605246947034289162e-01,2.796058626971935704e-02,-1.024513808363396450e+00,3.879526788738843490e-01,2.062310831442780434e-01,3.792381233289354725e-01,-1.043253840194496851e+00
5.150000000000000000e+01,1.572536129942209016e+01,1.415000000000000000e+02,1.440000000000000000e+02,1.741268920898437855e+01,8.936806488037109375e+01,1.801423950195312500e+02,7.541602973581107427e-01,-4.141052081056389444e-01,5.604951993603281002e-01,2.639495040982183308e-02,-1.026064428131369555e+00,3.864170751978354690e-01,2.040249083576741451e-01,3.770319485423315742e-01,-1.045460014981100638e+00
5.200000000000000000e+01,1.495842637891507287e+01,1.420000000000000284e+02,1.440000000000000000e+02,1.607704544067382812e+01,8.936806488037109375e+01,1.801423950195312500e+02,7.541494525226870582e-01,-4.141215664836700450e-01,5.604823715096567405e-01,2.549948553964850526e-02,-1.026951386142844536e+00,3.855386240450589530e-01,2.022263586100703503e-01,3.752333987947277794e-01,-1.047258564728704489e+00
5.250000000000000000e+01,1.422889531585168399e+01,1.425000000000000284e+02,1.440000000000000000e+02,1.570038509368896484e+01,8.936806488037109375e+01,1.801423950195312500e+02,7.541308827207565679e-01,-4.141356831528615889e-01,5.604610778890388723e-01,2.529173426127627120e-02,-1.027157182370286526e+00,3.853347828685473875e-01,2.008328751138047374e-01,3.738399152984621665e-01,-1.048652048224970157e+00
5.300000000000000000e+01,1.353494390257850455e+01,1.430000000000000000e+02,1.440000000000000000e+02,1.463016986846924006e+01,8.936806488037109375e+01,1.801423950195312500e+02,7.541211483408828409e-01,-4.141487617694428747e-01,5.604511355910837267e-01,2.578851113689437785e-02,-1.026665036847933088e+00,3.858222970376360972e-01,1.998404020408396375e-01,3.728474422254970388e-01,-1.049644521297935285e+00
5.350000000000000000e+01,1.287483689909919704e+01,1.435000000000000000e+02,1.440000000000000000e+02,1.432997417449951172e+01,8.936806488037109375e+01,1.801423950195312500e+02,7.541039812293475197e-01,-4.141616827952668278e-01,5.604337755594452908e-01,2.700586547674928978e-02,-1.025458926834899032e+00,3.870171627238493950e-01,1.992434942190624281e-01,3.722505344037198016e-01,-1.050241429119712411e+00
5.400000000000000000e+01,1.224692369407068959e+01,1.440000000000000000e+02,1.440000000000000000e+02,1.327802181243896484e+01,8.936806488037109375e+01,1.801423950195312500e+02,7.540952068180430956e-01,-4.141740656836954693e-01,5.604244554346921037e-01,2.895904594090361814e-02,-1.023523622183306392e+00,3.889345915628804606e-01,1.990354798048207252e-01,3.720425199894781265e-01,-1.050449443533954197e+00
5.450000000000000000e+01,1.164963417741501672e+01,1.445000000000000284e+02,1.440000000000000000e+02,1.298847103118896484e+01,8.936806488037109375e+01,1.801423950195312500e+02,7.540802069104103333e-01,-4.141856177831856334e-01,5.604081525336609415e-01,3.166246708431504076e-02,-1.020844718782085048e+00,3.915889772219116605e-01,1.992086104527448498e-01,3.722156506374022511e-01,-1.050276312886029961e+00
5.500000000000000000e+01,1.108147481422633795e+01,1.450000000000000000e+02,1.440000000000000000e+02,1.198915386199951172e+01,8.936806488037109375e+01,1.801423950195312500e+02,7.540731996403251536e-01,-4.141959535857552277e-01,5.604001924700047210e-01,3.512967796824278260e-02,-1.017408669953516975e+00,3.949938639951200425e-01,1.997541865902689451e-01,3.727612267749263464e-01,-1.049730736748505810e+00
5.550000000000000000e+01,1.054102491015567722e+01,1.455000000000000000e+02,1.440000000000000000e+02,1.171503353118896484e+01,8.936806488037109375e+01,1.801423950195312500e+02,7.540614109016198219e-01,-4.142050679916725042e-01,5.603867486182685376e-01,3.937333295386435950e-02,-1.013202815686653713e+00,3.991619175432252198e-01,2.006626829114332988e-01,3.736697230960907001e-01,-1.048822240427341512e+00
5.600000000000000000e+01,1.002693305893507336e+01,1.460000000000000284e+02,1.440000000000000000e+02,1.083358764648437500e+01,8.936806488037109375e+01,1.801423950195312500e+02,7.540559003578313213e-01,-4.142130880612463484e-01,5.603805479405362666e-01,4.440516478626339164e-02,-1.008215409599390933e+00,4.041048978853516993e-01,2.019238824055512305e-01,3.749309225902086040e-01,-1.047561040933223664e+00
5.650000000000000000e+01,9.537913763157995106e+00,1.465000000000000000e+02,1.440000000000000000e+02,1.020350933074951172e+01,8.936806488037109375e+01,1.801423950195312500e+02,7.540511645723378953e-01,-4.142188274971440043e-01,5.603721947403838000e-01,5.023596006866364733e-02,-1.002435643529200782e+00,4.098336347433315097e-01,2.035270281775480028e-01,3.765340683622053763e-01,-1.045957895161226947e+00
5.700000000000000000e+01,9.072744219866217819e+00,1.470000000000000284e+02,1.440000000000000000e+02,9.520013809204101562e+00,8.936806488037109375e+01,1.801423950195312500e+02,7.540490012087013305e-01,-4.142220468647959675e-01,5.603682930952829100e-01,5.687553721797246331e-02,-9.958536696612629857e-01,4.163580053298981953e-01,2.054609299003819778e-01,3.784679700850393513e-01,-1.044023993438393028e+00
5.750000000000000000e+01,8.630261262905522202e+00,1.475000000000000000e+02,1.440000000000000000e+02,9.368842124938964844e+00,8.936806488037109375e+01,1.801423950195312500e+02,7.540447828772580685e-01,-4.142246014007571198e-01,5.603644916121203190e-01,6.433272698339848050e-02,-9.884606201119684465e-01,4.236869146630612981e-01,2.077140693339316890e-01,3.807211095185890626e-01,-1.041770854004843372e+00
5.800000000000000000e+01,8.209358454404426908e+00,1.480000000000000000e+02,1.440000000000000000e+02,8.906928062438964844e+00,8.936806488037109375e+01,1.801423950195312500e+02,7.540414680981304407e-01,-4.142281110611513162e-01,5.603623662329724198e-01,7.261535560016815771e-02,-9.802486238954416509e-01,4.318282784793451845e-01,2.102746934547956026e-01,3.832817336394530039e-01,-1.039210229883979375e+00
5.850000000000000000e+01,7.808983318103192239e+00,1.485000000000000284e+02,1.440000000000000000e+02,8.783197402954101562e+00,8.936806488037109375e+01,1.801423950195312500e+02,7.540346035643973321e-01,-4.142330262950614239e-01,5.603571620244510720e-01,8.173023064022985618e-02,-9.712108212107969374e-01,4.407890088085730240e-01,2.131308947671286536e-01,3.861379349517860549e-01,-1.036354028571646380e+00
5.900000000000000000e+01,7.428134707614977295e+00,1.490000000000000000e+02,1.440000000000000000e+02,8.220794677734376776e+00,8.936806488037109375e+01,1.801423950195312500e+02,7.540298092154730236e-01,-4.142389187614729518e-01,5.603529428229953036e-01,9.168312961135238748e-02,-9.613413749982605561e-01,4.505750022625233386e-01,2.162706787369260975e-01,3.892777189215835265e-01,-1.033214244601848852e+00
5.950000000000000000e+01,7.065860303038371981e+00,1.495000000000000000e+02,1.440000000000000000e+02,7.661712646484375888e+00,8.936806488037109375e+01,1.801423950195312500e+02,7.540261742751512841e-01,-4.142437543079275919e-01,5.603469997230008381e-01,1.024787913452499533e-01,-9.506354797230044396e-01,4.611911310791379504e-01,2.196820185860139107e-01,3.926890587706713398e-01,-1.029802904752761039e+00
