0.000000000000000000e+00,0.000000000000000000e+00,1.432394487827058072e+02,1.800000000000000000e+02,-1.350000000000000000e+02,8.988475036621093750e+01,1.428885803222656250e+02,3.152127075195312500e+02,-1.348319396972656250e+02
1.000000000000000000e+00,3.333161876175096960e+00,1.434781811973436731e+02,1.800000000000000000e+02,-1.255924383059111875e+02,8.988475036621093750e+01,1.428885803222656250e+02,3.152127075195312500e+02,-1.348319396972656250e+02
2.000000000000000000e+00,6.584027692403608079e+00,1.437169136119814823e+02,1.800000000000000000e+02,-1.162879478264016626e+02,8.988475036621093750e+01,1.428889617919921875e+02,3.152127075195312500e+02,-1.348319396972656250e+02
3.000000000000000000e+00,9.754629345645364324e+00,1.439556460266193483e+02,1.800000000000000000e+02,-1.071884705062547312e+02,8.988475036621093750e+01,1.428893585205078125e+02,3.152127075195312500e+02,-1.348319396972656250e+02
4.000000000000000000e+00,1.284694856514546579e+01,1.441943784412571858e+02,1.800000000000000000e+02,-9.839370212317798803e+01,8.988475036621093750e+01,1.428896484375000000e+02,3.152127075195312500e+02,-1.348319396972656250e+02
5.000000000000000000e+00,1.586291815107961156e+01,1.444331108558950234e+02,1.800000000000000000e+02,-9.000000000000000000e+01,8.988475036621093750e+01,1.429004974365234375e+02,3.152127075195312500e+02,-1.348319396972656250e+02
6.000000000000000000e+00,1.880442318261719592e+01,1.446718432705328610e+02,1.800000000000000000e+02,-8.209932729367741899e+01,8.988484954833982954e+01,1.430242156982421875e+02,3.152127990722656250e+02,-1.348319396972656250e+02
7.000000000000000000e+00,2.167330219615700670e+01,1.449105756851707270e+02,1.800000000000000000e+02,-7.477824542770275684e+01,8.988484954833982954e+01,1.430873107910155966e+02,3.152127990722656250e+02,-1.348319396972656250e+02
8.000000000000000000e+00,2.447134833447245583e+01,1.451493080998085361e+02,1.800000000000000000e+02,-6.811696570703452380e+01,8.988484954833982954e+01,1.431262664794921875e+02,3.152127990722656250e+02,-1.348319396972656250e+02
9.000000000000000000e+00,2.720031046748409409e+01,1.453880405144464021e+02,1.800000000000000000e+02,-6.218847050625473116e+01,8.988484954833982954e+01,1.432189483642577841e+02,3.152127990722656250e+02,-1.348319396972656250e+02
1.000000000000000000e+01,2.986189428536034285e+01,1.456267729290842396e+02,1.800000000000000000e+02,-5.705771365940052675e+01,8.988484954833982954e+01,1.435301818847656250e+02,3.152128906250000000e+02,-1.348319396972656250e+02
1.100000000000000000e+01,3.245776336462925116e+01,1.458655053437220772e+02,1.800000000000000000e+02,-5.278090881216592578e+01,8.988484954833982954e+01,1.436650390625000000e+02,3.152127990722656250e+02,-1.348319396972656250e+02
1.200000000000000000e+01,3.498954020796808351e+01,1.461042377583599148e+02,1.800000000000000000e+02,-4.940491353343618641e+01,8.988484954833982954e+01,1.437114257812500000e+02,3.152128906250000000e+02,-1.348319396972656250e+02
1.300000000000000000e+01,3.745880725832024893e+01,1.463429701729977808e+02,1.800000000000000000e+02,-4.696671593395748090e+01,8.988484954833982954e+01,1.438778381347656250e+02,3.152128906250000000e+02,-1.348319396972656250e+02
1.400000000000000000e+01,3.986710788797368821e+01,1.465817025876355899e+02,1.800000000000000000e+02,-4.549302941685540702e+01,8.988484954833982954e+01,1.444432678222656250e+02,3.152130126953125000e+02,-1.348319396972656250e+02
1.500000000000000000e+01,4.221594736321874564e+01,1.468204350022734559e+02,1.800000000000000000e+02,-4.500000000000000000e+01,8.988484954833982954e+01,1.446833038330078125e+02,3.152130126953125000e+02,-1.348319396972656250e+02
1.600000000000000000e+01,4.450679378518869100e+01,1.470591674169112935e+02,1.800000000000000000e+02,-4.549302941685539281e+01,8.988484954833982954e+01,1.447392578125000000e+02,3.152131042480468750e+02,-1.348319396972656250e+02
1.700000000000000000e+01,4.674107900747061706e+01,1.472978998315491310e+02,1.800000000000000000e+02,-4.696671593395748090e+01,8.988484954833982954e+01,1.449629974365234659e+02,3.152130126953125000e+02,-1.348319396972656250e+02
1.800000000000000000e+01,4.892019953106060370e+01,1.475366322461869970e+02,1.800000000000000000e+02,-4.940491353343617220e+01,8.988484954833982954e+01,1.452562561035156250e+02,3.152131042480468750e+02,-1.348319396972656250e+02
1.900000000000000000e+01,5.104551737722228211e+01,1.477753646608248346e+02,1.800000000000000000e+02,-5.278090881216591157e+01,8.988484954833982954e+01,1.455657196044921875e+02,3.152131958007812500e+02,-1.348319396972656250e+02
2.000000000000000000e+01,5.311836093879448839e+01,1.480140970754626721e+02,1.800000000000000000e+02,-5.705771365940051254e+01,8.988484954833982954e+01,1.456736297607421875e+02,3.152132873535156250e+02,-1.348319396972656250e+02
2.100000000000000000e+01,5.514002581047995477e+01,1.482528294901005097e+02,1.800000000000000000e+02,-6.218847050625473116e+01,8.988484954833982954e+01,1.459811553955078125e+02,3.152131958007812500e+02,-1.348319396972656250e+02
2.200000000000000000e+01,5.711177559863430275e+01,1.484915619047383473e+02,1.800000000000000000e+02,-6.811696570703450959e+01,8.988484954833982954e+01,1.469690399169921875e+02,3.152133789062500000e+02,-1.348319396972656250e+02
2.300000000000000000e+01,5.903484271106097481e+01,1.487302943193761848e+02,1.800000000000000000e+02,-7.477824542770274263e+01,8.988484954833982954e+01,1.473781280517578125e+02,3.152133789062500000e+02,-1.348319396972656250e+02
2.400000000000000000e+01,6.091042912730644332e+01,1.489690267340140508e+02,1.800000000000000000e+02,-8.209932729367740478e+01,8.988484954833982954e+01,1.474830169677734375e+02,3.152133789062500000e+02,-1.348319396972656250e+02
2.500000000000000000e+01,6.273970714993631503e+01,1.492077591486518600e+02,1.800000000000000000e+02,-9.000000000000000000e+01,8.988484954833982954e+01,1.478625030517578125e+02,3.152135925292968750e+02,-1.348319396972656250e+02
2.600000000000000000e+01,6.452382013726284526e+01,1.494464915632897259e+02,1.800000000000000000e+02,-9.839370212317798803e+01,8.988484954833982954e+01,1.489895477294921875e+02,3.152137756347656250e+02,-1.348319396972656250e+02
2.700000000000000000e+01,6.626388321798086167e+01,1.496852239779275635e+02,1.800000000000000000e+02,-1.071884705062547170e+02,8.988484954833982954e+01,1.494656219482421875e+02,3.152137756347656250e+02,-1.348319396972656250e+02
2.800000000000000000e+01,6.796098398815971109e+01,1.499239563925654011e+02,1.800000000000000000e+02,-1.162879478264016626e+02,8.988494873046875000e+01,1.495891571044921875e+02,3.152138671875000000e+02,-1.348319396972656250e+02
2.900000000000000000e+01,6.961618319102606733e+01,1.501626888072032386e+02,1.800000000000000000e+02,-1.255924383059111875e+02,8.988494873046875000e+01,1.499824218750000000e+02,3.152140808105468750e+02,-1.348319396972656250e+02
3.000000000000000000e+01,7.123051537996300908e+01,1.504014212218411046e+02,1.800000000000000000e+02,-1.349999999999999432e+02,8.988494873046875000e+01,1.511667022705078125e+02,3.152143554687500000e+02,-1.348319396972656250e+02
3.100000000000000000e+01,7.280498956513962128e+01,1.506401536364789138e+02,1.800000000000000000e+02,-1.444075616940887699e+02,8.988494873046875000e+01,1.516519622802734375e+02,3.152144775390625000e+02,-1.348319396972656250e+02
3.200000000000000000e+01,7.434058984417508498e+01,1.508788860511167798e+02,1.800000000000000000e+02,-1.537120521735983232e+02,8.988494873046875000e+01,1.517919921875000000e+02,3.152147521972656250e+02,-1.348319396972656250e+02
3.300000000000000000e+01,7.583827601723186262e+01,1.511176184657546457e+02,1.800000000000000000e+02,-1.628115294937452404e+02,8.988494873046875000e+01,1.521380920410156250e+02,3.152153320312500000e+02,-1.348319396972656250e+02
3.400000000000000000e+01,7.729898418692188500e+01,1.513563508803924549e+02,1.800000000000000000e+02,-1.716062978768220262e+02,8.988494873046875000e+01,1.532583007812500000e+02,3.152159423828125000e+02,-1.348319396972656250e+02
3.500000000000000000e+01,7.872362734340136114e+01,1.515950832950303209e+02,1.800000000000000000e+02,-1.799999999999999716e+02,8.988494873046875000e+01,1.537148437500000000e+02,3.152162170410156250e+02,-1.348319396972656250e+02
3.600000000000000000e+01,8.011309593501913184e+01,1.518338157096681584e+02,1.800000000000000000e+02,-1.879006727063225810e+02,8.988494873046875000e+01,1.538567352294921875e+02,3.152167053222656250e+02,-1.348319396972656250e+02
3.700000000000000000e+01,8.146825842487595537e+01,1.520725481243059960e+02,1.800000000000000000e+02,-1.952217545722972432e+02,8.988504791259765625e+01,1.541275482177734091e+02,3.152170104980468750e+02,-1.348319396972656250e+02
3.800000000000000000e+01,8.278996183364233730e+01,1.523112805389438336e+02,1.800000000000000000e+02,-2.018830342929654762e+02,8.988504791259765625e+01,1.550695343017578125e+02,3.152174072265625000e+02,-1.348319396972656250e+02
3.900000000000000000e+01,8.407903226897380478e+01,1.525500129535816995e+02,1.800000000000000000e+02,-2.078115294937452404e+02,8.988504791259765625e+01,1.554667968750000000e+02,3.152174072265625000e+02,-1.348319396972656250e+02
4.000000000000000000e+01,8.533627544185529246e+01,1.527887453682195087e+02,1.800000000000000000e+02,-2.129422863405994519e+02,8.988504791259765625e+01,1.555997161865234375e+02,3.152174987792968750e+02,-1.348319396972656250e+02
4.100000000000000000e+01,8.656247717019653010e+01,1.530274777828573747e+02,1.800000000000000000e+02,-2.172190911878340671e+02,8.988504791259765625e+01,1.558041992187500284e+02,3.152174987792968750e+02,-1.348319396972656250e+02
4.200000000000000000e+01,8.775840386999404075e+01,1.532662101974952122e+02,1.800000000000000000e+02,-2.205950864665637994e+02,8.988504791259765625e+01,1.565409240722656250e+02,3.152176818847656250e+02,-1.348319396972656250e+02
4.300000000000000000e+01,8.892480303436583711e+01,1.535049426121330498e+02,1.800000000000000000e+02,-2.230332840660424836e+02,8.988504791259765625e+01,1.568376007080078125e+02,3.152177734374999432e+02,-1.348319396972656250e+02
4.400000000000000000e+01,9.006240370075926194e+01,1.537436750267708874e+02,1.800000000000000000e+02,-2.245069705831445788e+02,8.988504791259765625e+01,1.569363250732421875e+02,3.152179870605468750e+02,-1.348319396972656250e+02
4.500000000000000000e+01,9.117191690662278347e+01,1.539824074414087534e+02,1.800000000000000000e+02,-2.250000000000000000e+02,8.988504791259765625e+01,1.570556640625000000e+02,3.152181701660156250e+02,-1.348319396972656250e+02
4.600000000000000000e+01,9.225403613382781032e+01,1.542211398560465625e+02,1.800000000000000000e+02,-2.245069705831446072e+02,8.988504791259765625e+01,1.575289154052734375e+02,3.152182617187500000e+02,-1.348319396972656250e+02
4.700000000000000000e+01,9.330943774211732489e+01,1.544598722706844285e+02,1.800000000000000000e+02,-2.230332840660424836e+02,8.988504791259765625e+01,1.577521514892577841e+02,3.152183837890625000e+02,-1.348319396972656250e+02
4.800000000000000000e+01,9.433878139185270584e+01,1.546986046853222945e+02,1.800000000000000000e+02,-2.205950864665638278e+02,8.988504791259765625e+01,1.578063507080078125e+02,3.152183837890625000e+02,-1.348319396972656250e+02
4.900000000000000000e+01,9.534271045632307562e+01,1.549373370999601036e+02,1.800000000000000000e+02,-2.172190911878341240e+02,8.988504791259765625e+01,1.578460998535156250e+02,3.152184753417968750e+02,-1.348319396972656250e+02
5.000000000000000000e+01,9.632185242387431856e+01,1.551760695145979696e+02,1.800000000000000000e+02,-2.129422863405994519e+02,8.988504791259765625e+01,1.580690460205078125e+02,3.152186584472656250e+02,-1.348319396972656250e+02
5.100000000000000000e+01,9.727681929010999795e+01,1.554148019292358072e+02,1.800000000000000000e+02,-2.078115294937452688e+02,8.988504791259765625e+01,1.582092742919921875e+02,3.152187500000000000e+02,-1.348319396972656250e+02
5.200000000000000000e+01,9.820820794040831458e+01,1.556535343438736447e+02,1.800000000000000000e+02,-2.018830342929654762e+02,8.988504791259765625e+01,1.582195281982421875e+02,3.152188720703125000e+02,-1.348319396972656250e+02
5.300000000000000000e+01,9.911660052299491497e+01,1.558922667585114823e+02,1.800000000000000000e+02,-1.952217545722972432e+02,8.988504791259765625e+01,1.582183685302734375e+02,3.152188720703125000e+02,-1.348319396972656250e+02
5.400000000000000000e+01,1.000025648128046498e+02,1.561309991731493483e+02,1.800000000000000000e+02,-1.879006727063226094e+02,8.988504791259765625e+01,1.582324218750000284e+02,3.152188720703125000e+02,-1.348319396972656250e+02
5.500000000000000000e+01,1.008666545663592160e+02,1.563697315877871574e+02,1.800000000000000000e+02,-1.799999999999999716e+02,8.988504791259765625e+01,1.582963867187500000e+02,3.152189636230468750e+02,-1.348319396972656250e+02
5.600000000000000000e+01,1.017094098678831244e+02,1.566084640024250234e+02,1.800000000000000000e+02,-1.716062978768219978e+02,8.988504791259765625e+01,1.583117218017578125e+02,3.152189636230468750e+02,-1.348319396972656250e+02
5.700000000000000000e+01,1.025313574668738141e+02,1.568471964170628610e+02,1.800000000000000000e+02,-1.628115294937452688e+02,8.988504791259765625e+01,1.583048858642578125e+02,3.152189636230468750e+02,-1.348319396972656250e+02
5.800000000000000000e+01,1.033330111073373132e+02,1.570859288317006985e+02,1.800000000000000000e+02,-1.537120521735983232e+02,8.988504791259765625e+01,1.583000946044921875e+02,3.152189636230468750e+02,-1.348319396972656250e+02
5.900000000000000000e+01,1.041148718488949783e+02,1.573246612463385361e+02,1.800000000000000000e+02,-1.444075616940887983e+02,8.988504791259765625e+01,1.583003997802734091e+02,3.152189636230468750e+02,-1.348319396972656250e+02
6.000000000000000000e+01,1.048774283799619695e+02,1.575633936609763737e+02,1.800000000000000000e+02,-1.350000000000001137e+02,8.988504791259765625e+01,1.582986297607421875e+02,3.152189636230468750e+02,-1.348319396972656250e+02
6.100000000000000000e+01,1.056211573231935574e+02,1.578021260756142112e+02,1.800000000000000000e+02,-1.255924383059112444e+02,8.988504791259765625e+01,1.582375946044921875e+02,3.152189636230468750e+02,-1.348319396972656250e+02
6.200000000000000000e+01,1.063465235333896857e+02,1.580408584902520772e+02,1.800000000000000000e+02,-1.162879478264017337e+02,8.988504791259765625e+01,1.581496124267578125e+02,3.152190551757812500e+02,-1.348319396972656250e+02
6.300000000000000000e+01,1.070539803880443799e+02,1.582795909048899148e+02,1.800000000000000000e+02,-1.071884705062547454e+02,8.988504791259765625e+01,1.581497039794921875e+02,3.152190551757812500e+02,-1.348319396972656250e+02
6.400000000000000000e+01,1.077439700707215309e+02,1.585183233195277523e+02,1.800000000000000000e+02,-9.839370212317801645e+01,8.988504791259765625e+01,1.581484375000000000e+02,3.152190551757812500e+02,-1.348319396972656250e+02
6.500000000000000000e+01,1.084169238474338073e+02,1.587570557341656183e+02,1.800000000000000000e+02,-9.000000000000005684e+01,8.988504791259765625e+01,1.580770568847655966e+02,3.152190551757812500e+02,-1.348319396972656250e+02
6.600000000000000000e+01,1.090732623361981979e+02,1.589957881488034275e+02,1.800000000000000000e+02,-8.209932729367743320e+01,8.988504791259765625e+01,1.580149383544921875e+02,3.152190551757812500e+02,-1.348319396972656250e+02
6.700000000000000000e+01,1.097133957699358007e+02,1.592345205634412935e+02,1.800000000000000000e+02,-7.477824542770279947e+01,8.988504791259765625e+01,1.580155334472656250e+02,3.152190551757812500e+02,-1.348319396972656250e+02
6.800000000000000000e+01,1.103377242528808182e+02,1.594732529780791310e+02,1.800000000000000000e+02,-6.811696570703450959e+01,8.988504791259765625e+01,1.580152435302734375e+02,3.152190551757812500e+02,-1.348319396972656250e+02
6.900000000000000000e+01,1.109466380106587025e+02,1.597119853927169686e+02,1.800000000000000000e+02,-6.218847050625474537e+01,8.988504791259765625e+01,1.579977569580078125e+02,3.152190551757812500e+02,-1.348319396972656250e+02
7.000000000000000000e+01,1.115405176341898965e+02,1.599507178073548062e+02,1.800000000000000000e+02,-5.705771365940054807e+01,8.988504791259765625e+01,1.579803771972656250e+02,3.152190551757812500e+02,-1.348319396972656250e+02
7.100000000000000000e+01,1.121197343175715275e+02,1.601894502219926721e+02,1.800000000000000000e+02,-5.278090881216592578e+01,8.988504791259765625e+01,1.580236358642578125e+02,3.152190551757812500e+02,-1.348319396972656250e+02
7.200000000000000000e+01,1.126846500900858246e+02,1.604281826366304813e+02,1.800000000000000000e+02,-4.940491353343618641e+01,8.988504791259765625e+01,1.580280303955078125e+02,3.152190551757812500e+02,-1.348319396972656250e+02
7.300000000000000000e+01,1.132356180424801266e+02,1.606669150512683473e+02,1.800000000000000000e+02,-4.696671593395750932e+01,8.988504791259765625e+01,1.580298919677734375e+02,3.152190551757812500e+02,-1.348319396972656250e+02
7.400000000000000000e+01,1.137729825476602770e+02,1.609056474659062133e+02,1.800000000000000000e+02,-4.549302941685540702e+01,8.988504791259765625e+01,1.582801818847656250e+02,3.152191467285156250e+02,-1.348319396972656250e+02
7.500000000000000000e+01,1.142970794759346518e+02,1.611443798805440224e+02,1.800000000000000000e+02,-4.500000000000000000e+01,8.988504791259765625e+01,1.584863281250000000e+02,3.152191467285156250e+02,-1.348319396972656250e+02
7.600000000000000000e+01,1.148082364049442532e+02,1.613831122951818600e+02,1.800000000000000000e+02,-4.549302941685539281e+01,8.988504791259765625e+01,1.585130920410156250e+02,3.152192382812500000e+02,-1.348319396972656250e+02
7.700000000000000000e+01,1.153067728244093075e+02,1.616218447098197259e+02,1.800000000000000000e+02,-4.696671593395748090e+01,8.988504791259765625e+01,1.586051788330078125e+02,3.152192382812500000e+02,-1.348319396972656250e+02
7.800000000000000000e+01,1.157930003358206505e+02,1.618605771244575635e+02,1.800000000000000000e+02,-4.940491353343617220e+01,8.988504791259765625e+01,1.591640625000000284e+02,3.152196350097656250e+02,-1.348319396972656250e+02
7.900000000000000000e+01,1.162672228472010403e+02,1.620993095390954011e+02,1.800000000000000000e+02,-5.278090881216593999e+01,8.988504791259765625e+01,1.595194396972656250e+02,3.152196350097656250e+02,-1.348319396972656250e+02
8.000000000000000000e+01,1.167297367630572893e+02,1.623380419537332671e+02,1.800000000000000000e+02,-5.705771365940047701e+01,8.988504791259765625e+01,1.595781250000000000e+02,3.152197265625000000e+02,-1.348319396972656250e+02
8.100000000000000000e+01,1.171808311696429143e+02,1.625767743683710762e+02,1.800000000000000000e+02,-6.218847050625470985e+01,8.988504791259765625e+01,1.597527313232421875e+02,3.152199401855468182e+02,-1.348319396972656250e+02
8.200000000000000000e+01,1.176207880156464256e+02,1.628155067830089422e+02,1.800000000000000000e+02,-6.811696570703442433e+01,8.988504791259765625e+01,1.605513763427734375e+02,3.152202148437500000e+02,-1.348319396972656250e+02
8.300000000000000000e+01,1.180498822884183738e+02,1.630542391976467798e+02,1.800000000000000000e+02,-7.477824542770281369e+01,8.988504791259765625e+01,1.610156250000000000e+02,3.152204284667968750e+02,-1.348319396972656250e+02
8.400000000000000000e+01,1.184683821858474460e+02,1.632929716122846173e+02,1.800000000000000000e+02,-8.209932729367740478e+01,8.988504791259765625e+01,1.611175842285156250e+02,3.152205200195312500e+02,-1.348319396972656250e+02
8.500000000000000000e+01,1.188765492839928442e+02,1.635317040269224549e+02,1.800000000000000000e+02,-9.000000000000002842e+01,8.988504791259765625e+01,1.613649444580078125e+02,3.152208251953125568e+02,-1.348319396972656250e+02
8.600000000000000000e+01,1.192746387005779098e+02,1.637704364415603209e+02,1.800000000000000000e+02,-9.839370212317790276e+01,8.988504791259765625e+01,1.623579101562500000e+02,3.152213134765625000e+02,-1.348319396972656250e+02
8.700000000000000000e+01,1.196628992544468986e+02,1.640091688561981300e+02,1.800000000000000000e+02,-1.071884705062546885e+02,8.988504791259765625e+01,1.629252929687500000e+02,3.152214965820312500e+02,-1.348319396972656250e+02
8.800000000000000000e+01,1.200415736210849218e+02,1.642479012708359960e+02,1.800000000000000000e+02,-1.162879478264015347e+02,8.988504791259765625e+01,1.630524444580078125e+02,3.152218933105468750e+02,-1.348320770263671875e+02
8.900000000000000000e+01,1.204108984842980590e+02,1.644866336854738620e+02,1.800000000000000000e+02,-1.255924383059112728e+02,8.988514709472656250e+01,1.633179779052734375e+02,3.152223815917968750e+02,-1.348320770263671875e+02
9.000000000000000000e+01,1.207711046841483125e+02,1.647253661001116711e+02,1.800000000000000000e+02,-1.349999999999999716e+02,8.988514709472656250e+01,1.644229583740234375e+02,3.152238464355468750e+02,-1.348320770263671875e+02
9.100000000000000000e+01,1.211224173612363160e+02,1.649640985147495087e+02,1.800000000000000000e+02,-1.444075616940888267e+02,8.988514709472656250e+01,1.650492248535156250e+02,3.152242431640624432e+02,-1.348320770263671875e+02
9.200000000000000000e+01,1.214650560974214812e+02,1.652028309293873747e+02,1.800000000000000000e+02,-1.537120521735982663e+02,8.988514709472656250e+01,1.651963958740234091e+02,3.152249145507812500e+02,-1.348320770263671875e+02
9.300000000000000000e+01,1.217992350530677470e+02,1.654415633440252122e+02,1.800000000000000000e+02,-1.628115294937452404e+02,8.988514709472656250e+01,1.654994201660156250e+02,3.152258911132812500e+02,-1.348320770263671875e+02
9.400000000000000000e+01,1.221251631009008065e+02,1.656802957586630498e+02,1.800000000000000000e+02,-1.716062978768220262e+02,8.988514709472656250e+01,1.665906219482422159e+02,3.152277526855468750e+02,-1.348320770263671875e+02
9.500000000000000000e+01,1.224430439565604303e+02,1.659190281733009158e+02,1.800000000000000000e+02,-1.800000000000000568e+02,8.988514709472656250e+01,1.672231445312500000e+02,3.152285156250000000e+02,-1.348320770263671875e+02
9.600000000000000000e+01,1.227530763059293122e+02,1.661577605879387249e+02,1.800000000000000000e+02,-1.879006727063225526e+02,8.988514709472656250e+01,1.673688507080078125e+02,3.152294921875000000e+02,-1.348320770263671875e+02
9.700000000000000000e+01,1.230554539293181904e+02,1.663964930025765909e+02,1.800000000000000000e+02,-1.952217545722971295e+02,8.988514709472656250e+01,1.676242218017577841e+02,3.152314453125000000e+02,-1.348320770263671875e+02
9.800000000000000000e+01,1.233503658225849762e+02,1.666352254172144285e+02,1.800000000000000000e+02,-2.018830342929654194e+02,8.988514709472656250e+01,1.679484405517578125e+02,3.152344970703125000e+02,-1.348320770263671875e+02
9.900000000000000000e+01,1.236379963152631092e+02,1.668739578318522661e+02,1.800000000000000000e+02,-2.078115294937452404e+02,8.988514709472656250e+01,1.684626922607421875e+02,3.152352600097656250e+02,-1.348320770263671875e+02
1.000000000000000000e+02,1.239185251857736461e+02,1.671126902464901036e+02,1.800000000000000000e+02,-2.129422863405994804e+02,8.988514709472656250e+01,1.685776367187499716e+02,3.152364501953125000e+02,-1.348320770263671875e+02
1.010000000000000000e+02,1.241921277737927483e+02,1.673514226611279412e+02,1.800000000000000000e+02,-2.172190911878340671e+02,8.988514709472656250e+01,1.687979583740234659e+02,3.152397460937500000e+02,-1.348320770263671875e+02
1.020000000000000000e+02,1.244589750898443157e+02,1.675901550757657787e+02,1.800000000000000000e+02,-2.205950864665637994e+02,8.988514709472656250e+01,1.697350616455078125e+02,3.152496337890624432e+02,-1.348320770263671875e+02
1.030000000000000000e+02,1.247192339221875983e+02,1.678288874904036447e+02,1.800000000000000000e+02,-2.230332840660424836e+02,8.988514709472656250e+01,1.702717742919921875e+02,3.152543029785156250e+02,-1.348320770263671875e+02
1.040000000000000000e+02,1.249730669410649284e+02,1.680676199050414823e+02,1.800000000000000000e+02,-2.245069705831446072e+02,8.988514709472656250e+01,1.703786163330078125e+02,3.152569580078125000e+02,-1.348320770263671875e+02
1.050000000000000000e+02,1.252206328003760518e+02,1.683063523196793199e+02,1.800000000000000000e+02,-2.250000000000000000e+02,8.988514709472656250e+01,1.705537109375000000e+02,3.152604675292968182e+02,-1.348320770263671875e+02
1.060000000000000000e+02,1.254620862368419978e+02,1.685450847343171574e+02,1.800000000000000000e+02,-2.245069705831445788e+02,8.988514709472656250e+01,1.713098602294921875e+02,3.152626953125000000e+02,-1.348320770263671875e+02
1.070000000000000000e+02,1.256975781667205609e+02,1.687838171489549950e+02,1.800000000000000000e+02,-2.230332840660425120e+02,8.988514709472656250e+01,1.717683563232421875e+02,3.152633056640625000e+02,-1.348320770263671875e+02
1.080000000000000000e+02,1.259272557801337911e+02,1.690225495635928610e+02,1.800000000000000000e+02,-2.205950864665638278e+02,8.988514709472656250e+01,1.718643646240234375e+02,3.152637939453125000e+02,-1.348320770263671875e+02
1.090000000000000000e+02,1.261512626330667075e+02,1.692612819782306985e+02,1.800000000000000000e+02,-2.172190911878341240e+02,8.988504791259765625e+01,1.719348602294921875e+02,3.152643737792969318e+02,-1.348320770263671875e+02
1.100000000000000000e+02,1.263697387370944796e+02,1.695000143928685361e+02,1.800000000000000000e+02,-2.129422863405994519e+02,8.988514709472656250e+01,1.724679718017578125e+02,3.152651367187500000e+02,-1.348320770263671875e+02
1.110000000000000000e+02,1.265828206468940778e+02,1.697387468075063737e+02,1.800000000000000000e+02,-2.078115294937452973e+02,8.988514709472656250e+01,1.728310546875000000e+02,3.152652587890625000e+02,-1.348320770263671875e+02
1.120000000000000000e+02,1.267906415455955766e+02,1.699774792221442397e+02,1.800000000000000000e+02,-2.018830342929654762e+02,8.988514709472656250e+01,1.728918914794921875e+02,3.152655334472656250e+02,-1.348320770263671875e+02
1.130000000000000000e+02,1.269933313280257750e+02,1.702162116367820488e+02,1.800000000000000000e+02,-1.952217545722973000e+02,8.988514709472656250e+01,1.728941497802734375e+02,3.152655334472656250e+02,-1.348320770263671875e+02
1.140000000000000000e+02,1.271910166818967980e+02,1.704549440514199148e+02,1.800000000000000000e+02,-1.879006727063226094e+02,8.988514709472656250e+01,1.729553680419921875e+02,3.152658386230468750e+02,-1.348320770263671875e+02
1.150000000000000000e+02,1.273838211669900744e+02,1.706936764660577524e+02,1.800000000000000000e+02,-1.800000000000000000e+02,8.988514709472656250e+01,1.731629943847656250e+02,3.152659301757812500e+02,-1.348320770263671875e+02
1.160000000000000000e+02,1.275718652923850271e+02,1.709324088806955899e+02,1.800000000000000000e+02,-1.716062978768219693e+02,8.988514709472656250e+01,1.731866302490234091e+02,3.152660217285156250e+02,-1.348320770263671875e+02
1.170000000000000000e+02,1.277552665917814352e+02,1.711711412953334275e+02,1.800000000000000000e+02,-1.628115294937452973e+02,8.988514709472656250e+01,1.731799774169921591e+02,3.152660217285156250e+02,-1.348320770263671875e+02
1.180000000000000000e+02,1.279341396969616227e+02,1.714098737099712935e+02,1.800000000000000000e+02,-1.537120521735983232e+02,8.988514709472656250e+01,1.732592773437499716e+02,3.152661132812500000e+02,-1.348320770263671875e+02
1.190000000000000000e+02,1.281085964094391443e+02,1.716486061246091310e+02,1.800000000000000000e+02,-1.444075616940889120e+02,8.988514709472656250e+01,1.734182586669921591e+02,3.152662353515625000e+02,-1.348320770263671875e+02
1.200000000000000000e+02,1.282787457703383609e+02,1.718873385392469686e+02,1.800000000000000000e+02,-1.350000000000001990e+02,8.988514709472656250e+01,1.734468841552734659e+02,3.152662353515625000e+02,-1.348320770263671875e+02
1.210000000000000000e+02,1.316668381238249026e+02,1.721260709538848062e+02,1.440000000000000000e+02,-1.255924383059111875e+02,8.988514709472656250e+01,1.734340820312499716e+02,3.152663269042968750e+02,-1.348320770263671875e+02
1.220000000000000000e+02,1.284159723075963768e+02,1.723648033685226437e+02,1.440000000000000000e+02,-1.162879478264017621e+02,8.988504791259765625e+01,1.734303741455078409e+02,3.152664184570311932e+02,-1.348320770263671875e+02
1.230000000000000000e+02,1.252453706543546303e+02,1.726035357831605097e+02,1.440000000000000000e+02,-1.071884705062547738e+02,8.988514709472656250e+01,1.734770507812500000e+02,3.152664184570311932e+02,-1.348320770263671875e+02
1.240000000000000000e+02,1.221530514348545324e+02,1.728422681977983473e+02,1.440000000000000000e+02,-9.839370212317811593e+01,8.988514709472656250e+01,1.734930725097656250e+02,3.152664184570311932e+02,-1.348320770263671875e+02
1.250000000000000000e+02,1.191370818489203742e+02,1.730810006124361848e+02,1.440000000000000000e+02,-9.000000000000007105e+01,8.988514709472656250e+01,1.734723663330078125e+02,3.152664184570311932e+02,-1.348320770263671875e+02
1.260000000000000000e+02,1.161955768173828005e+02,1.733197330270740224e+02,1.440000000000000000e+02,-8.209932729367744741e+01,8.988504791259765625e+01,1.734418029785156250e+02,3.152665100097656250e+02,-1.348320770263671875e+02
1.270000000000000000e+02,1.133266978038429897e+02,1.735584654417118884e+02,1.440000000000000000e+02,-7.477824542770275684e+01,8.988514709472656250e+01,1.734798889160156250e+02,3.152665100097656250e+02,-1.348320770263671875e+02
1.280000000000000000e+02,1.105286516655275477e+02,1.737971978563496975e+02,1.440000000000000000e+02,-6.811696570703459486e+01,8.988514709472656250e+01,1.734900360107421875e+02,3.152665100097656250e+02,-1.348320770263671875e+02
1.290000000000000000e+02,1.077996895325158988e+02,1.740359302709875635e+02,1.440000000000000000e+02,-6.218847050625475958e+01,8.988514709472656250e+01,1.734672851562500284e+02,3.152665100097656250e+02,-1.348320770263671875e+02
1.300000000000000000e+02,1.051381057146396643e+02,1.742746626856254011e+02,1.440000000000000000e+02,-5.705771365940060491e+01,8.988504791259765625e+01,1.734323272705078125e+02,3.152666015625000000e+02,-1.348320770263671875e+02
1.310000000000000000e+02,1.025422366353707417e+02,1.745133951002632386e+02,1.440000000000000000e+02,-5.278090881216588315e+01,8.988514709472656250e+01,1.734718780517578125e+02,3.152666015625000000e+02,-1.348320770263671875e+02
1.320000000000000000e+02,1.000104597920319094e+02,1.747521275149010762e+02,1.440000000000000000e+02,-4.940491353343618641e+01,8.988514709472656250e+01,1.734857482910156250e+02,3.152666015625000000e+02,-1.348320770263671875e+02
1.330000000000000000e+02,9.754119274167975107e+01,1.749908599295389422e+02,1.440000000000000000e+02,-4.696671593395748090e+01,8.988504791259765625e+01,1.734779357910156250e+02,3.152666015625000000e+02,-1.348320770263671875e+02
1.340000000000000000e+02,9.513289211202632600e+01,1.752295923441767798e+02,1.440000000000000000e+02,-4.549302941685541413e+01,8.988514709472656250e+01,1.735458984375000000e+02,3.152667236328125000e+02,-1.348320770263671875e+02
1.350000000000000000e+02,9.278405263678125436e+01,1.754683247588146173e+02,1.440000000000000000e+02,-4.500000000000000000e+01,8.988514709472656250e+01,1.737392578125000284e+02,3.152667236328125000e+02,-1.348320770263671875e+02
1.360000000000000000e+02,9.049320621481130900e+01,1.757070571734524549e+02,1.440000000000000000e+02,-4.549302941685540702e+01,8.988514709472656250e+01,1.737853546142578125e+02,3.152667236328125000e+02,-1.348320770263671875e+02
1.370000000000000000e+02,8.825892099252938294e+01,1.759457895880902925e+02,1.440000000000000000e+02,-4.696671593395750932e+01,8.988514709472656250e+01,1.737848663330078125e+02,3.152667236328125000e+02,-1.348320770263671875e+02
1.380000000000000000e+02,8.607980046893941051e+01,1.761845220027281584e+02,1.440000000000000000e+02,-4.940491353343615799e+01,8.988514709472656250e+01,1.740878906250000000e+02,3.152668151855468750e+02,-1.348320770263671875e+02
1.390000000000000000e+02,8.395448262277771789e+01,1.764232544173659960e+02,1.440000000000000000e+02,-5.278090881216592578e+01,8.988514709472656250e+01,1.744009857177734659e+02,3.152668151855468750e+02,-1.348320770263671875e+02
1.400000000000000000e+02,8.188163906120551871e+01,1.766619868320038336e+02,1.440000000000000000e+02,-5.705771365940046280e+01,8.988514709472656250e+01,1.744486389160155966e+02,3.152669067382812500e+02,-1.348320770263671875e+02
1.410000000000000000e+02,7.985997418952003102e+01,1.769007192466416711e+02,1.440000000000000000e+02,-6.218847050625469564e+01,8.988514709472656250e+01,1.744858398437500000e+02,3.152669067382812500e+02,-1.348320770263671875e+02
1.420000000000000000e+02,7.788822440136570435e+01,1.771394516612795087e+02,1.440000000000000000e+02,-6.811696570703450959e+01,8.988514709472656250e+01,1.750597686767578409e+02,3.152673034667968750e+02,-1.348320770263671875e+02
1.430000000000000000e+02,7.596515728893902519e+01,1.773781840759173463e+02,1.440000000000000000e+02,-7.477824542770279947e+01,8.988514709472656250e+01,1.755151367187500000e+02,3.152673034667968750e+02,-1.348320770263671875e+02
1.440000000000000000e+02,7.408957087269355668e+01,1.776169164905552122e+02,1.440000000000000000e+02,-8.209932729367737636e+01,8.988514709472656250e+01,1.756102600097655966e+02,3.152673950195312500e+02,-1.348320770263671875e+02
1.450000000000000000e+02,7.226029285006369207e+01,1.778556489051930214e+02,1.440000000000000000e+02,-8.999999999999985789e+01,8.988514709472656250e+01,1.757382812500000000e+02,3.152674865722656250e+02,-1.348320770263671875e+02
1.460000000000000000e+02,7.047617986273715474e+01,1.780943813198308874e+02,1.440000000000000000e+02,-9.839370212317788855e+01,8.988514709472656250e+01,1.764848632812500000e+02,3.152677917480468182e+02,-1.348320770263671875e+02
1.470000000000000000e+02,6.873611678201913833e+01,1.783331137344687249e+02,1.440000000000000000e+02,-1.071884705062546885e+02,8.988514709472656250e+01,1.770310516357422159e+02,3.152677917480468182e+02,-1.348320770263671875e+02
1.480000000000000000e+02,6.703901601184027470e+01,1.785718461491065625e+02,1.440000000000000000e+02,-1.162879478264016626e+02,8.988514709472656250e+01,1.771607513427734375e+02,3.152679748535156250e+02,-1.348320770263671875e+02
1.490000000000000000e+02,6.538381680897393267e+01,1.788105785637444285e+02,1.440000000000000000e+02,-1.255924383059110880e+02,8.988514709472656250e+01,1.773217773437500284e+02,3.152681884765625000e+02,-1.348320770263671875e+02
1.500000000000000000e+02,6.376948462003698381e+01,1.790493109783822661e+02,1.440000000000000000e+02,-1.349999999999999432e+02,8.988514709472656250e+01,1.782463836669921875e+02,3.152684631347656250e+02,-1.348320770263671875e+02
1.510000000000000000e+02,6.219501043486038583e+01,1.792880433930200752e+02,1.440000000000000000e+02,-1.444075616940886562e+02,8.988514709472656250e+01,1.788799896240234375e+02,3.152685546875000000e+02,-1.348320770263671875e+02
1.520000000000000000e+02,6.065941015582491502e+01,1.795267758076579412e+02,1.440000000000000000e+02,-1.537120521735982379e+02,8.988514709472656250e+01,1.790218811035156534e+02,3.152687683105468750e+02,-1.348320770263671875e+02
1.530000000000000000e+02,5.916172398276814448e+01,1.797655082222958072e+02,1.440000000000000000e+02,-1.628115294937453541e+02,8.988514709472656250e+01,1.792111358642578409e+02,3.152689514160156250e+02,-1.348320770263671875e+02
1.540000000000000000e+02,5.770101581307810790e+01,1.800042406369336163e+02,1.440000000000000000e+02,-1.716062978768218841e+02,8.988514709472656250e+01,1.801918945312500000e+02,3.152695312500000568e+02,-1.348320770263671875e+02
1.550000000000000000e+02,5.627637265659863886e+01,1.802429730515714823e+02,1.440000000000000000e+02,-1.799999999999998863e+02,8.988514709472656250e+01,1.808523406982421875e+02,3.152711181640625000e+02,-1.348320770263671875e+02
1.560000000000000000e+02,5.488690406498088237e+01,1.804817054662093199e+02,1.440000000000000000e+02,-1.879006727063225242e+02,8.988504791259765625e+01,1.809996185302734375e+02,3.152805786132812500e+02,-1.348320770263671875e+02
1.570000000000000000e+02,5.353174157512403752e+01,1.807204378808471574e+02,1.440000000000000000e+02,-1.952217545722972432e+02,8.988504791259765625e+01,1.811734466552734375e+02,3.152839965820312500e+02,-1.348320770263671875e+02
1.580000000000000000e+02,5.221003816635766981e+01,1.809591702954849950e+02,1.440000000000000000e+02,-2.018830342929655330e+02,8.988514709472656250e+01,1.821249084472656250e+02,3.153085937500000000e+02,-1.348320770263671875e+02
1.590000000000000000e+02,5.092096773102618812e+01,1.811979027101228610e+02,1.440000000000000000e+02,-2.078115294937453257e+02,8.988514709472656250e+01,1.827928771972656250e+02,3.153107604980468750e+02,-1.348320770263671875e+02
1.600000000000000000e+02,4.966372455814471465e+01,1.814366351247606701e+02,1.440000000000000000e+02,-2.129422863405994235e+02,8.988504791259765625e+01,1.829376068115234375e+02,3.153119201660156250e+02,-1.348320770263671875e+02
1.610000000000000000e+02,4.843752282980346280e+01,1.816753675393985361e+02,1.440000000000000000e+02,-2.172190911878340387e+02,8.988504791259765625e+01,1.830723724365234091e+02,3.153127136230468182e+02,-1.348320770263671875e+02
1.620000000000000000e+02,4.724159613000596636e+01,1.819140999540363737e+02,1.440000000000000000e+02,-2.205950864665637994e+02,8.988504791259765625e+01,1.838939514160156250e+02,3.153138732910156250e+02,-1.348320770263671875e+02
1.630000000000000000e+02,4.607519696563414868e+01,1.821528323686742112e+02,1.440000000000000000e+02,-2.230332840660424836e+02,8.988504791259765625e+01,1.845013732910156250e+02,3.153139648437500000e+02,-1.348320770263671875e+02
1.640000000000000000e+02,4.493759629924073806e+01,1.823915647833120772e+02,1.440000000000000000e+02,-2.245069705831445788e+02,8.988504791259765625e+01,1.846314544677734375e+02,3.153143615722656250e+02,-1.348320770263671875e+02
1.650000000000000000e+02,4.382808309337721653e+01,1.826302971979499148e+02,1.440000000000000000e+02,-2.250000000000000000e+02,8.988504791259765625e+01,1.846966857910156250e+02,3.153145751953125000e+02,-1.348320770263671875e+02
1.660000000000000000e+02,4.274596386617218968e+01,1.828690296125877239e+02,1.440000000000000000e+02,-2.245069705831445788e+02,8.988504791259765625e+01,1.853260803222655966e+02,3.153153381347656250e+02,-1.348320770263671875e+02
1.670000000000000000e+02,4.169056225788268222e+01,1.831077620272255899e+02,1.440000000000000000e+02,-2.230332840660424552e+02,8.988504791259765625e+01,1.858303680419921875e+02,3.153153381347656250e+02,-1.348320770263671875e+02
1.680000000000000000e+02,4.066121860814728706e+01,1.833464944418634559e+02,1.440000000000000000e+02,-2.205950864665638278e+02,8.988504791259765625e+01,1.859352569580077841e+02,3.153155517578125000e+02,-1.348320770263671875e+02
1.690000000000000000e+02,3.965728954367692438e+01,1.835852268565012650e+02,1.440000000000000000e+02,-2.172190911878340955e+02,8.988504791259765625e+01,1.859402313232421591e+02,3.153156433105468182e+02,-1.348320770263671875e+02
1.700000000000000000e+02,3.867814757612566012e+01,1.838239592711391310e+02,1.440000000000000000e+02,-2.129422863405994519e+02,8.988504791259765625e+01,1.863003997802734375e+02,3.153162231445312500e+02,-1.348320770263671875e+02
1.710000000000000000e+02,3.772318070988998784e+01,1.840626916857769686e+02,1.440000000000000000e+02,-2.078115294937454109e+02,8.988504791259765625e+01,1.867126007080078125e+02,3.153163146972656250e+02,-1.348320770263671875e+02
1.720000000000000000e+02,3.679179205959169963e+01,1.843014241004148062e+02,1.440000000000000000e+02,-2.018830342929655615e+02,8.988504791259765625e+01,1.867977600097656250e+02,3.153165283203125000e+02,-1.348320770263671875e+02
1.730000000000000000e+02,3.588339947700508503e+01,1.845401565150526437e+02,1.440000000000000000e+02,-1.952217545722973284e+02,8.988504791259765625e+01,1.867826232910156250e+02,3.153166198730469318e+02,-1.348320770263671875e+02
1.740000000000000000e+02,3.499743518719535018e+01,1.847788889296905097e+02,1.440000000000000000e+02,-1.879006727063226379e+02,8.988504791259765625e+01,1.868866271972656250e+02,3.153170166015624432e+02,-1.348320770263671875e+02
1.750000000000000000e+02,3.413334543364076978e+01,1.850176213443283189e+02,1.440000000000000000e+02,-1.800000000000003126e+02,8.988504791259765625e+01,1.871635742187499716e+02,3.153171081542968750e+02,-1.348320770263671875e+02
1.760000000000000000e+02,3.329059013211687557e+01,1.852563537589661848e+02,1.440000000000000000e+02,-1.716062978768222820e+02,8.988504791259765625e+01,1.871984405517578125e+02,3.153171997070312500e+02,-1.348320770263671875e+02
1.770000000000000000e+02,3.246864253312618587e+01,1.854950861736040224e+02,1.440000000000000000e+02,-1.628115294937451836e+02,8.988504791259765625e+01,1.871477508544921591e+02,3.153171997070312500e+02,-1.348320770263671875e+02
1.780000000000000000e+02,3.166698889266268324e+01,1.857338185882418600e+02,1.440000000000000000e+02,-1.537120521735981811e+02,8.988504791259765625e+01,1.871395568847656250e+02,3.153175048828125000e+02,-1.348320770263671875e+02
1.790000000000000000e+02,3.088512815110502530e+01,1.859725510028797260e+02,1.440000000000000000e+02,-1.444075616940889404e+02,8.988504791259765625e+01,1.872875976562500000e+02,3.153175048828125000e+02,-1.348320770263671875e+02
1.800000000000000000e+02,3.012257162003802691e+01,1.862112834175175635e+02,1.440000000000000000e+02,-1.350000000000000853e+02,8.988504791259765625e+01,1.873162078857421875e+02,3.153175964355468750e+02,-1.348320770263671875e+02
1.810000000000000000e+02,2.937884267680643902e+01,1.864500158321553727e+02,1.440000000000000000e+02,-1.255924383059111875e+02,8.988504791259765625e+01,1.872521514892577841e+02,3.153175964355468750e+02,-1.348320770263671875e+02
1.820000000000000000e+02,2.865347646661031433e+01,1.866887482467932386e+02,1.440000000000000000e+02,-1.162879478264016342e+02,8.988504791259765625e+01,1.871459960937500000e+02,3.153176879882812500e+02,-1.348320770263671875e+02
1.830000000000000000e+02,2.794601961195560591e+01,1.869274806614310762e+02,1.440000000000000000e+02,-1.071884705062549443e+02,8.988504791259765625e+01,1.872479553222656250e+02,3.153177795410156250e+02,-1.348320770263671875e+02
1.840000000000000000e+02,2.725602992927847623e+01,1.871662130760689138e+02,1.440000000000000000e+02,-9.839370212317814435e+01,8.988504791259765625e+01,1.872715911865234659e+02,3.153178710937499432e+02,-1.348320770263671875e+02
1.850000000000000000e+02,2.658307615256619982e+01,1.874049454907067798e+02,1.440000000000000000e+02,-9.000000000000009948e+01,8.988504791259765625e+01,1.871575164794921875e+02,3.153177795410156250e+02,-1.348320770263671875e+02
1.860000000000000000e+02,2.592673766380180567e+01,1.876436779053445889e+02,1.440000000000000000e+02,-8.209932729367747584e+01,8.988504791259765625e+01,1.870909271240234091e+02,3.153179931640625000e+02,-1.348320770263671875e+02
1.870000000000000000e+02,2.528660423006419578e+01,1.878824103199824549e+02,1.440000000000000000e+02,-7.477824542770277105e+01,8.988504791259765625e+01,1.872089843750000000e+02,3.153179931640625000e+02,-1.348320770263671875e+02
1.880000000000000000e+02,2.466227574711918180e+01,1.881211427346202925e+02,1.440000000000000000e+02,-6.811696570703450959e+01,8.988504791259765625e+01,1.872210998535156250e+02,3.153180847167968750e+02,-1.348320770263671875e+02
1.890000000000000000e+02,2.405336198934128333e+01,1.883598751492581300e+02,1.440000000000000000e+02,-6.218847050625468142e+01,8.988504791259765625e+01,1.871501922607421875e+02,3.153179931640625000e+02,-1.348320770263671875e+02
1.900000000000000000e+02,2.345948236581009638e+01,1.885986075638959676e+02,1.440000000000000000e+02,-5.705771365940044859e+01,8.988504791259765625e+01,1.871539154052734375e+02,3.153181762695312500e+02,-1.348320770263671875e+02
1.910000000000000000e+02,2.288026568242846182e+01,1.888373399785338336e+02,1.440000000000000000e+02,-5.278090881216597552e+01,8.988504791259765625e+01,1.873764648437500000e+02,3.153182678222656250e+02,-1.348320770263671875e+02
1.920000000000000000e+02,2.231534990991418255e+01,1.890760723931716427e+02,1.440000000000000000e+02,-4.940491353343620062e+01,8.988504791259765625e+01,1.874136810302734659e+02,3.153183593750000000e+02,-1.348320770263671875e+02
1.930000000000000000e+02,2.176438195751986271e+01,1.893148048078095087e+02,1.440000000000000000e+02,-4.696671593395749511e+01,8.988504791259765625e+01,1.873919982910156250e+02,3.153183593750000000e+02,-1.348320770263671875e+02
1.940000000000000000e+02,2.122701745233973014e+01,1.895535372224473747e+02,1.440000000000000000e+02,-4.549302941685542834e+01,8.988504791259765625e+01,1.875240325927734659e+02,3.153188476562500000e+02,-1.348320770263671875e+02
1.950000000000000000e+02,2.070292052406534111e+01,1.897922696370851838e+02,1.440000000000000000e+02,-4.500000000000000000e+01,8.988504791259765625e+01,1.879184570312500000e+02,3.153188476562500000e+02,-1.348320770263671875e+02
1.960000000000000000e+02,2.019176359505573615e+01,1.900310020517230214e+02,1.440000000000000000e+02,-4.549302941685537860e+01,8.988504791259765625e+01,1.879840850830078409e+02,3.153189697265625000e+02,-1.348320770263671875e+02
1.970000000000000000e+02,1.969322717559069247e+01,1.902697344663608874e+02,1.440000000000000000e+02,-4.696671593395747379e+01,8.988504791259765625e+01,1.879833068847656250e+02,3.153190612792968750e+02,-1.348320770263671875e+02
1.980000000000000000e+02,1.920699966417933169e+01,1.905084668809987249e+02,1.440000000000000000e+02,-4.940491353343615089e+01,8.988504791259765625e+01,1.884416046142578125e+02,3.153196411132812500e+02,-1.348320770263671875e+02
1.990000000000000000e+02,1.873277715279895972e+01,1.907471992956365625e+02,1.440000000000000000e+02,-5.278090881216591157e+01,8.988504791259765625e+01,1.890005950927734375e+02,3.153197326660156250e+02,-1.348320770263671875e+02
2.000000000000000000e+02,1.827026323694271781e+01,1.909859317102744285e+02,1.440000000000000000e+02,-5.705771365940054096e+01,8.988504791259765625e+01,1.891263732910156250e+02,3.153198242187500000e+02,-1.348320770263671875e+02
2.010000000000000000e+02,1.781916883035707855e+01,1.912246641249122376e+02,1.440000000000000000e+02,-6.218847050625478090e+01,8.988504791259765625e+01,1.891762695312500000e+02,3.153198242187500000e+02,-1.348320770263671875e+02
2.020000000000000000e+02,1.737921198435357084e+01,1.914633965395501036e+02,1.440000000000000000e+02,-6.811696570703439590e+01,8.988504791259765625e+01,1.899034271240234091e+02,3.153221740722655682e+02,-1.348320770263671875e+02
2.030000000000000000e+02,1.695011771158162261e+01,1.917021289541879412e+02,1.440000000000000000e+02,-7.477824542770267158e+01,8.988504791259765625e+01,1.905724639892578125e+02,3.153285217285156250e+02,-1.348320770263671875e+02
2.040000000000000000e+02,1.653161781415255760e+01,1.919408613688257788e+02,1.440000000000000000e+02,-8.209932729367734794e+01,8.988494873046875000e+01,1.907472686767578125e+02,3.153290100097656250e+02,-1.348320770263671875e+02
2.050000000000000000e+02,1.612345071600714874e+01,1.921795937834636163e+02,1.440000000000000000e+02,-8.999999999999997158e+01,8.988494873046875000e+01,1.908435516357421875e+02,3.153293151855468750e+02,-1.348320770263671875e+02
2.060000000000000000e+02,1.572536129942209016e+01,1.924183261981014823e+02,1.440000000000000000e+02,-9.839370212317771802e+01,8.988504791259765625e+01,1.917001037597656250e+02,3.153519592285155682e+02,-1.348320770263671875e+02
2.070000000000000000e+02,1.533710074555311031e+01,1.926570586127392914e+02,1.440000000000000000e+02,-1.071884705062545180e+02,8.988504791259765625e+01,1.924665985107421875e+02,3.153596801757812500e+02,-1.348320770263671875e+02
2.080000000000000000e+02,1.495842637891507287e+01,1.928957910273771574e+02,1.440000000000000000e+02,-1.162879478264017905e+02,8.988484954833982954e+01,1.926793060302734375e+02,3.153605651855468750e+02,-1.348320770263671875e+02
2.090000000000000000e+02,1.458910151570194813e+01,1.931345234420150234e+02,1.440000000000000000e+02,-1.255924383059113723e+02,8.988484954833982954e+01,1.928083953857421875e+02,3.153606567382812500e+02,-1.348320770263671875e+02
2.100000000000000000e+02,1.422889531585168399e+01,1.933732558566528326e+02,1.440000000000000000e+02,-1.349999999999999147e+02,8.988494873046875000e+01,1.937453155517578125e+02,3.153654479980468750e+02,-1.348320770263671875e+02
2.110000000000000000e+02,1.387758263876366449e+01,1.936119882712906701e+02,1.440000000000000000e+02,-1.444075616940887699e+02,8.988494873046875000e+01,1.945536193847656250e+02,3.153681640625000000e+02,-1.348320770263671875e+02
2.120000000000000000e+02,1.353494390257850455e+01,1.938507206859285361e+02,1.440000000000000000e+02,-1.537120521735983800e+02,8.988494873046875000e+01,1.947587890624999716e+02,3.153702392578125000e+02,-1.348320770263671875e+02
2.130000000000000000e+02,1.320076494693225477e+01,1.940894531005663737e+02,1.440000000000000000e+02,-1.628115294937453541e+02,8.988484954833982954e+01,1.948434600830078125e+02,3.153718872070312500e+02,-1.348320770263671875e+02
2.140000000000000000e+02,1.287483689909919704e+01,1.943281855152042112e+02,1.440000000000000000e+02,-1.716062978768218557e+02,8.988484954833982954e+01,1.957314453124999716e+02,3.153765869140625000e+02,-1.348320770263671875e+02
2.150000000000000000e+02,1.255695604343957150e+01,1.945669179298420772e+02,1.440000000000000000e+02,-1.799999999999998863e+02,8.988484954833982954e+01,1.965204162597656250e+02,3.153791198730468750e+02,-1.348320770263671875e+02
2.160000000000000000e+02,1.224692369407068959e+01,1.948056503444798864e+02,1.440000000000000000e+02,-1.879006727063225242e+02,8.988484954833982954e+01,1.967048797607421875e+02,3.153834228515625000e+02,-1.348320770263671875e+02
2.170000000000000000e+02,1.194454607068178831e+01,1.950443827591177524e+02,1.440000000000000000e+02,-1.952217545722969874e+02,8.988484954833982954e+01,1.967183685302734375e+02,3.153964843750000000e+02,-1.348320770263671875e+02
2.180000000000000000e+02,1.164963417741501672e+01,1.952831151737555899e+02,1.440000000000000000e+02,-2.018830342929652772e+02,8.988494873046875000e+01,1.973704071044921875e+02,3.154083251953125000e+02,-1.348320770263671875e+02
2.190000000000000000e+02,1.136200368473689792e+01,1.955218475883934275e+02,1.440000000000000000e+02,-2.078115294937452973e+02,8.988494873046875000e+01,1.980740203857421591e+02,3.154088134765625000e+02,-1.348320770263671875e+02
2.200000000000000000e+02,1.108147481422633795e+01,1.957605800030312651e+02,1.440000000000000000e+02,-2.129422863405995372e+02,8.988494873046875000e+01,1.982204132080077841e+02,3.154095764160156250e+02,-1.348320770263671875e+02
2.210000000000000000e+02,1.080787222620727306e+01,1.959993124176691026e+02,1.440000000000000000e+02,-2.172190911878340103e+02,8.988484954833982954e+01,1.982090911865234375e+02,3.154096679687500568e+02,-1.348320770263671875e+02
2.220000000000000000e+02,1.054102491015567722e+01,1.962380448323069402e+02,1.440000000000000000e+02,-2.205950864665637994e+02,8.988484954833982954e+01,1.985714874267578125e+02,3.154106445312500000e+02,-1.348320770263671875e+02
2.230000000000000000e+02,1.028076607781239282e+01,1.964767772469448062e+02,1.440000000000000000e+02,-2.230332840660424836e+02,8.988484954833982954e+01,1.990532226562500000e+02,3.154106445312500000e+02,-1.348320770263671875e+02
2.240000000000000000e+02,1.002693305893507336e+01,1.967155096615826437e+02,1.440000000000000000e+02,-2.245069705831446072e+02,8.988484954833982954e+01,1.991598663330078125e+02,3.154109497070312500e+02,-1.348320770263671875e+02
2.250000000000000000e+02,9.779367199623946405e+00,1.969542420762204813e+02,1.440000000000000000e+02,-2.250000000000000000e+02,8.988484954833982954e+01,1.990959014892577841e+02,3.154110412597656250e+02,-1.348320770263671875e+02
2.260000000000000000e+02,9.537913763157995106e+00,1.971929744908583189e+02,1.440000000000000000e+02,-2.245069705831446356e+02,8.988484954833982954e+01,1.991343841552734375e+02,3.154117431640625000e+02,-1.348320770263671875e+02
2.270000000000000000e+02,9.302421833279449714e+00,1.974317069054961564e+02,1.440000000000000000e+02,-2.230332840660425404e+02,8.988484954833982954e+01,1.994927825927734375e+02,3.154117431640625000e+02,-1.348320770263671875e+02
2.280000000000000000e+02,9.072744219866217819e+00,1.976704393201340224e+02,1.440000000000000000e+02,-2.205950864665638278e+02,8.988484954833982954e+01,1.995505828857421875e+02,3.154118347167968750e+02,-1.348320770263671875e+02
2.290000000000000000e+02,8.848737366933285386e+00,1.979091717347718600e+02,1.440000000000000000e+02,-2.172190911878342092e+02,8.988484954833982954e+01,1.994227600097655966e+02,3.154118347167968750e+02,-1.348320770263671875e+02
2.300000000000000000e+02,8.630261262905522202e+00,1.981479041494096975e+02,1.440000000000000000e+02,-2.129422863405994519e+02,8.988484954833982954e+01,1.993012695312500000e+02,3.154120178222656250e+02,-1.348320770263671875e+02
2.310000000000000000e+02,8.417179353105913364e+00,1.983866365640475351e+02,1.440000000000000000e+02,-2.078115294937452120e+02,8.988484954833982954e+01,1.995157318115234375e+02,3.154119262695312500e+02,-1.348320770263671875e+02
2.320000000000000000e+02,8.209358454404426908e+00,1.986253689786854011e+02,1.440000000000000000e+02,-2.018830342929653909e+02,8.988484954833982954e+01,1.995442352294921591e+02,3.154120178222656250e+02,-1.348320770263671875e+02
2.330000000000000000e+02,8.006668671974226825e+00,1.988641013933232102e+02,1.440000000000000000e+02,-1.952217545722973284e+02,8.988484954833982954e+01,1.993763732910156250e+02,3.154121093750000000e+02,-1.348320770263671875e+02
2.340000000000000000e+02,7.808983318103192239e+00,1.991028338079610762e+02,1.440000000000000000e+02,-1.879006727063226379e+02,8.988484954833982954e+01,1.991551818847656250e+02,3.154122314453125000e+02,-1.348320770263671875e+02
2.350000000000000000e+02,7.616178833009942473e+00,1.993415662225989138e+02,1.440000000000000000e+02,-1.800000000000000284e+02,8.988484954833982954e+01,1.993371124267577841e+02,3.154122314453125000e+02,-1.348320770263671875e+02
2.360000000000000000e+02,7.428134707614977295e+00,1.995802986372367513e+02,1.440000000000000000e+02,-1.716062978768219978e+02,8.988484954833982954e+01,1.993698272705077841e+02,3.154122314453125000e+02,-1.348320770263671875e+02
2.370000000000000000e+02,7.244733408218568371e+00,1.998190310518745889e+02,1.440000000000000000e+02,-1.628115294937454962e+02,8.988484954833982954e+01,1.992093811035156250e+02,3.154122314453125000e+02,-1.348320770263671875e+02
2.380000000000000000e+02,7.065860303038371981e+00,2.000577634665124549e+02,1.440000000000000000e+02,-1.537120521735985221e+02,8.988484954833982954e+01,1.990329132080077841e+02,3.154125061035156250e+02,-1.348320770263671875e+02
2.390000000000000000e+02,6.891403590560843284e+00,2.002964958811502925e+02,1.440000000000000000e+02,-1.444075616940889688e+02,8.988484954833982954e+01,1.992953186035156250e+02,3.154124145507812500e+02,-1.348320770263671875e+02
