0.000000000000000000e+00,0.000000000000000000e+00,9.000000000000000000e+01,1.800000000000000000e+02,8.524779975414277511e-02,8.929335784912110796e+01,1.801454162597656250e+02,7.695212050649499202e-01,3.982457995716134902e-01,-5.754628944075524943e-01,4.994136375519238058e-01,-5.606923439602045089e-01,8.441394211168150585e-01,5.301205568598077456e-01,-6.988547321924163391e-01,7.334997723899966404e-01
5.000000000000000000e-01,6.584027692403608079e+00,9.050000000000000000e+01,1.800000000000000000e+02,8.524779975414277511e-02,8.929335784912110796e+01,1.801454162597656250e+02,7.695212050649499202e-01,3.982457995716134902e-01,-5.754628944075524943e-01,4.994136375519238058e-01,-5.606923439602045089e-01,8.441394211168150585e-01,5.301205568598077456e-01,-6.988547321924163391e-01,7.334997723899966404e-01
1.000000000000000000e+00,1.284694856514546579e+01,9.100000000000000000e+01,1.800000000000000000e+02,2.807806491851806641e+00,8.934316253662107954e+01,1.801448364257812784e+02,7.688904041250786969e-01,3.978374542733429942e-01,-5.754628944075524943e-01,4.994052852738984916e-01,-5.606984267600831906e-01,8.441394211168150585e-01,5.301204891089225102e-01,-6.988548002145335003e-01,7.334997723899966404e-01
1.500000000000000000e+00,1.880442318261719592e+01,9.150000000000000000e+01,1.800000000000000000e+02,1.137753295898437500e+01,8.950117492675781250e+01,1.801447448730468750e+02,7.684511027856428811e-01,3.972436379616987590e-01,-5.758472979230986333e-01,4.993807255959963887e-01,-5.607187844166793278e-01,8.441245950357509908e-01,5.301203273845590536e-01,-6.988549620411893537e-01,7.334996099154885707e-01
2.000000000000000000e+00,2.447134833447245583e+01,9.200000000000000000e+01,1.800000000000000000e+02,1.834237670898437500e+01,9.025742340087892046e+01,1.801425781249999716e+02,7.681648876697325656e-01,3.968968117115379002e-01,-5.763161129850250530e-01,4.993566391314624986e-01,-5.607464128315566843e-01,8.441016936856351460e-01,5.301201694483325122e-01,-6.988551223775596455e-01,7.334994494777037355e-01
2.500000000000000000e+00,2.986189428536034285e+01,9.250000000000000000e+01,1.800000000000000000e+02,2.103417396545409801e+01,9.118564605712890625e+01,1.801339111328125000e+02,7.676689781844212579e-01,3.965525081932864682e-01,-5.767333288884287645e-01,4.993378729785635239e-01,-5.607712930847599253e-01,8.440731547542870139e-01,5.301200249158815048e-01,-6.988552762644354432e-01,7.334992932522217401e-01
3.000000000000000000e+00,3.498954020796808351e+01,9.300000000000000000e+01,1.800000000000000000e+02,2.154276847839355469e+01,9.146327972412107954e+01,1.801297912597656250e+02,7.665351337486584482e-01,3.958081465155179890e-01,-5.772501295387456599e-01,4.993169177758779442e-01,-5.607892160299476902e-01,8.440493924298074768e-01,5.301198878138037029e-01,-6.988554177184485017e-01,7.334991426430264028e-01
3.500000000000000000e+00,3.986710788797368821e+01,9.350000000000000000e+01,1.800000000000000000e+02,2.728104972839355469e+01,9.238984680175779829e+01,1.801137695312500284e+02,7.653849838273929507e-01,3.945793421313372740e-01,-5.780568318201240174e-01,4.993056651928357570e-01,-5.608047923238721477e-01,8.440360700551006179e-01,5.301197779292922130e-01,-6.988555430775760247e-01,7.334990133047118999e-01
4.000000000000000000e+00,4.450679378518869100e+01,9.400000000000000000e+01,1.800000000000000000e+02,3.678388214111328125e+01,9.317285156250000000e+01,1.800756835937500284e+02,7.648721075450171103e-01,3.937435057245328718e-01,-5.789498279610175713e-01,4.992970474800344505e-01,-5.608163585446303001e-01,8.440200596107920727e-01,5.301197155330235056e-01,-6.988556368732573576e-01,7.334989063001430276e-01
4.500000000000000000e+00,4.892019953106060370e+01,9.450000000000000000e+01,1.800000000000000000e+02,4.160819625854492188e+01,9.403154754638673296e+01,1.800302734375000000e+02,7.644868973318100780e-01,3.933366480782602981e-01,-5.796128853977272621e-01,4.992937056717338118e-01,-5.608222591893872178e-01,8.440121400895167492e-01,5.301196971819037707e-01,-6.988556827510566949e-01,7.334988373354511815e-01
5.000000000000000000e+00,5.311836093879448839e+01,9.500000000000000000e+01,1.800000000000000000e+02,4.316981887817382812e+01,9.467246246337890625e+01,1.799857482910156250e+02,7.638498797989716760e-01,3.928684514061869804e-01,-5.801073930443613191e-01,4.992919861674026127e-01,-5.608247184678908370e-01,8.440077977312775426e-01,5.301197013459866270e-01,-6.988556915963890503e-01,7.334988152221203483e-01
5.500000000000000000e+00,5.711177559863430275e+01,9.550000000000000000e+01,1.800000000000000000e+02,4.762294387817382812e+01,9.522714996337890625e+01,1.799488525390624716e+02,7.632026963316158596e-01,3.921899135065165520e-01,-5.806061064550986917e-01,4.992911024315682122e-01,-5.608257793314399553e-01,8.440062804574479660e-01,5.301196998163810736e-01,-6.988556920225977853e-01,7.334988161274715868e-01
6.000000000000000000e+00,6.091042912730644332e+01,9.600000000000000000e+01,1.800000000000000000e+02,5.403114700317382812e+01,9.550400543212890625e+01,1.799456176757812500e+02,7.628255698476121838e-01,3.916697299060378779e-01,-5.811514916596279834e-01,4.992895186500321270e-01,-5.608266505805989954e-01,8.440052345832862457e-01,5.301196868013720032e-01,-6.988557042634255811e-01,7.334988127166920391e-01
6.500000000000000000e+00,6.452382013726284526e+01,9.650000000000000000e+01,1.800000000000000000e+02,5.798964309692383523e+01,9.582305145263670454e+01,1.799446411132812784e+02,7.625191357396069458e-01,3.913471113622777886e-01,-5.815964905732355916e-01,4.992871748333995718e-01,-5.608283678755431323e-01,8.440042898874795529e-01,5.301196642506253998e-01,-6.988557264163640648e-01,7.334987918814929175e-01
7.000000000000000000e+00,6.796098398815971109e+01,9.700000000000000000e+01,1.800000000000000000e+02,6.010477828979492188e+01,9.608798980712889204e+01,1.799447326660156250e+02,7.621085657428212645e-01,3.910056313718788812e-01,-5.819560059612022274e-01,4.992823185199151692e-01,-5.608319725220530794e-01,8.440016487929753453e-01,5.301196409545856358e-01,-6.988557497509947369e-01,7.334987689584985260e-01
7.500000000000000000e+00,7.123051537996300908e+01,9.750000000000000000e+01,1.800000000000000000e+02,6.372528839111328125e+01,9.649990081787110796e+01,1.799451293945312500e+02,7.617048955171804581e-01,3.905830836818954821e-01,-5.823074480593785074e-01,4.992757946348103659e-01,-5.608379217817055507e-01,8.439972328964084891e-01,5.301196176566245200e-01,-6.988557732174061066e-01,7.334987454532140294e-01
8.000000000000000000e+00,7.434058984417508498e+01,9.800000000000000000e+01,1.800000000000000000e+02,6.818163299560546875e+01,9.692275238037110796e+01,1.799457092285155966e+02,7.614178418431686302e-01,3.902332837020591749e-01,-5.826736062847007735e-01,4.992672126074659822e-01,-5.608458891964129833e-01,8.439899672536064212e-01,5.301195947287411503e-01,-6.988557963901629311e-01,7.334987221129123380e-01
8.500000000000000000e+00,7.729898418692188500e+01,9.850000000000000000e+01,1.800000000000000000e+02,7.133827972412109375e+01,9.752343750000000000e+01,1.799466857910155966e+02,7.611649056091700505e-01,3.899719348362734039e-01,-5.829920827100480984e-01,4.992592895612927295e-01,-5.608546291210264600e-01,8.439818532496407011e-01,5.301195724759479866e-01,-6.988558190505630430e-01,7.334986992104955972e-01
9.000000000000000000e+00,8.011309593501913184e+01,9.900000000000000000e+01,1.800000000000000000e+02,7.213603210449218750e+01,9.764501953124998579e+01,1.799471740722656250e+02,7.607550826257718501e-01,3.896657026513494770e-01,-5.833085001443228945e-01,4.992461989717044135e-01,-5.608640637801892703e-01,8.439714458623766014e-01,5.301195506471432228e-01,-6.988558410811360755e-01,7.334986767763860271e-01
9.500000000000000000e+00,8.278996183364233730e+01,9.950000000000000000e+01,1.800000000000000000e+02,7.509951019287109375e+01,9.827480316162109375e+01,1.799490356445312500e+02,7.603331564121388331e-01,3.892280518481014973e-01,-5.836355261217365253e-01,4.992354806897984498e-01,-5.608759174368314060e-01,8.439629026864182704e-01,5.301195301164004503e-01,-6.988558623618041921e-01,7.334986552990162556e-01
1.000000000000000000e+01,8.533627544185529246e+01,1.000000000000000000e+02,1.800000000000000000e+02,8.014980316162109375e+01,9.889472961425781250e+01,1.799521484375000000e+02,7.601131008801308431e-01,3.889017556036114542e-01,-5.839739829629653212e-01,4.992240640553563535e-01,-5.608885728237881230e-01,8.439489067295126157e-01,5.301195114251101570e-01,-6.988558822689819872e-01,7.334986346646900079e-01
1.050000000000000000e+01,8.775840386999404075e+01,1.005000000000000142e+02,1.800000000000000000e+02,8.290428924560546875e+01,9.972373199462890625e+01,1.799548034667968750e+02,7.599438765366549609e-01,3.887209445938819008e-01,-5.842420878040426313e-01,4.992173408073467544e-01,-5.608981455575213770e-01,8.439382953141920662e-01,5.301194945344394061e-01,-6.988559001518799274e-01,7.334986156184913897e-01
1.100000000000000000e+01,9.006240370075926194e+01,1.010000000000000000e+02,1.800000000000000000e+02,8.420302581787110796e+01,1.003888702392578125e+02,1.799582214355468750e+02,7.597165067646732828e-01,3.885325834815967494e-01,-5.844433458630576839e-01,4.992127316227823464e-01,-5.609040002265917035e-01,8.439299592855306065e-01,5.301194799634589838e-01,-6.988559159149347888e-01,7.334985989294502406e-01
1.150000000000000000e+01,9.225403613382781032e+01,1.015000000000000000e+02,1.800000000000000000e+02,8.660517120361328125e+01,1.010391616821289062e+02,1.799652404785155966e+02,7.594892369194935489e-01,3.882968441037314977e-01,-5.846386406510900580e-01,4.992102462472101099e-01,-5.609072961482195474e-01,8.439257727466443759e-01,5.301194690408682630e-01,-6.988559290431408666e-01,7.334985847272054160e-01
1.200000000000000000e+01,9.433878139185270584e+01,1.020000000000000000e+02,1.800000000000000000e+02,9.002997589111328125e+01,1.015488281249999858e+02,1.799854736328124716e+02,7.593451206236169204e-01,3.881079069401695003e-01,-5.848346188256626776e-01,4.992082093545429089e-01,-5.609093766816979354e-01,8.439230136967182938e-01,5.301194656473263711e-01,-6.988559371634016637e-01,7.334985749672079391e-01
1.250000000000000000e+01,9.632185242387431856e+01,1.025000000000000000e+02,1.800000000000000000e+02,9.216171264648437500e+01,1.019943389892578125e+02,1.799888916015625000e+02,7.592222265677244231e-01,3.879806211727739873e-01,-5.850014910846756955e-01,4.992062334321221151e-01,-5.609111396822150652e-01,8.439212129235811322e-01,5.301194635233175134e-01,-6.988559399409516315e-01,7.334985683209275242e-01
1.300000000000000000e+01,9.820820794040831458e+01,1.030000000000000000e+02,1.800000000000000000e+02,9.353524780273437500e+01,1.022607421875000000e+02,1.799936523437500000e+02,7.590745335790881620e-01,3.878491363197545949e-01,-5.851376746477936486e-01,4.992028561718482860e-01,-5.609134497678370801e-01,8.439191517686980282e-01,5.301194629811306624e-01,-6.988559408897786485e-01,7.334985670801538182e-01
1.350000000000000000e+01,1.000025648128046498e+02,1.035000000000000000e+02,1.800000000000000000e+02,9.556240081787109375e+01,1.026575241088867188e+02,1.799977722167968750e+02,7.589335629435500774e-01,3.877007746463561610e-01,-5.852697548027192553e-01,4.991985069312809831e-01,-5.609172661501238277e-01,8.439165413184710474e-01,5.301194628545136123e-01,-6.988559412505506163e-01,7.334985664488029578e-01
1.400000000000000000e+01,1.017094098678831244e+02,1.040000000000000000e+02,1.800000000000000000e+02,9.794931030273437500e+01,1.030465850830078125e+02,1.799984436035156534e+02,7.588282661966450071e-01,3.875764335707301278e-01,-5.854006150345798520e-01,4.991921180898429844e-01,-5.609229115882092831e-01,8.439115875456050242e-01,5.301194628025414080e-01,-6.988559413249421093e-01,7.334985662368380677e-01
1.450000000000000000e+01,1.033330111073373132e+02,1.045000000000000000e+02,1.800000000000000000e+02,9.966484069824218750e+01,1.034884796142578125e+02,1.799989318847655966e+02,7.587330789523857311e-01,3.874788608094266729e-01,-5.855158351382285797e-01,4.991846243456869447e-01,-5.609299748640099725e-01,8.439053461501031528e-01,5.301194627882233057e-01,-6.988559413458056424e-01,7.334985662069746226e-01
1.500000000000000000e+01,1.048774283799619695e+02,1.050000000000000142e+02,1.800000000000000000e+02,1.011128845214843750e+02,1.040718765258788920e+02,1.799991455078125000e+02,7.586344660970456566e-01,3.873827724726949806e-01,-5.856143315745623301e-01,4.991774545299503263e-01,-5.609377889264508532e-01,8.438979809562836554e-01,5.301194627799220571e-01,-6.988559413561822309e-01,7.334985661918544952e-01
1.550000000000000000e+01,1.063465235333896857e+02,1.055000000000000000e+02,1.800000000000000000e+02,1.028373947143554545e+02,1.046158218383788920e+02,1.799992370605468750e+02,7.585459087963144498e-01,3.872877694506393076e-01,-5.857069024908220234e-01,4.991704782153931208e-01,-5.609451119769224281e-01,8.438899998901384647e-01,5.301194627744005849e-01,-6.988559413623662842e-01,7.334985661841243454e-01
1.600000000000000000e+01,1.077439700707215309e+02,1.060000000000000000e+02,1.800000000000000000e+02,1.045776290893554688e+02,1.053092803955078125e+02,1.799993286132812216e+02,7.584730100936940556e-01,3.872069787399290419e-01,-5.857935736247447123e-01,4.991657310140285575e-01,-5.609511887868871005e-01,8.438836210513243064e-01,5.301194627703811335e-01,-6.988559413669338527e-01,7.334985661790086597e-01
1.650000000000000000e+01,1.090732623361981979e+02,1.065000000000000000e+02,1.800000000000000000e+02,1.059177703857421875e+02,1.057975616455078125e+02,1.799994201660156250e+02,7.584030921691977678e-01,3.871368204276466884e-01,-5.858713272706639330e-01,4.991610368843275025e-01,-5.609558046046165813e-01,8.438777124232675897e-01,5.301194627673184723e-01,-6.988559413704801271e-01,7.334985661749787722e-01
1.700000000000000000e+01,1.103377242528808182e+02,1.070000000000000142e+02,1.800000000000000000e+02,1.072537078857421875e+02,1.064217758178710795e+02,1.799994201660156250e+02,7.583358374193385210e-01,3.870680069725456751e-01,-5.859403773162279450e-01,4.991579665284676115e-01,-5.609595345346066741e-01,8.438740447195451910e-01,5.301194627644929547e-01,-6.988559413733056447e-01,7.334985661717071670e-01
1.750000000000000000e+01,1.115405176341898965e+02,1.075000000000000000e+02,1.800000000000000000e+02,1.085462875366210938e+02,1.067404327392578125e+02,1.799995117187500000e+02,7.582723090282262879e-01,3.870025735918155019e-01,-5.860073271899008951e-01,4.991534684273041256e-01,-5.609629587354653113e-01,8.438698849315410255e-01,5.301194627624576938e-01,-6.988559413757224892e-01,7.334985661692903225e-01
1.800000000000000000e+01,1.126846500900858246e+02,1.080000000000000000e+02,1.800000000000000000e+02,1.099743118286132812e+02,1.072856445312500000e+02,1.799995117187500000e+02,7.582189664244821659e-01,3.869436436671327417e-01,-5.860680242126125039e-01,4.991497926969216126e-01,-5.609668671040297649e-01,8.438669096674223935e-01,5.301194627604224330e-01,-6.988559413777577500e-01,7.334985661668734780e-01
1.850000000000000000e+01,1.137729825476602770e+02,1.085000000000000000e+02,1.800000000000000000e+02,1.112169876098632812e+02,1.077257843017578125e+02,1.799995117187500000e+02,7.581722303356591697e-01,3.868940854274604546e-01,-5.861227733835623344e-01,4.991449460466424459e-01,-5.609713390246325870e-01,8.438621547174973703e-01,5.301194627585870123e-01,-6.988559413795931707e-01,7.334985661650380573e-01
1.900000000000000000e+01,1.148082364049442532e+02,1.090000000000000000e+02,1.800000000000000000e+02,1.122796859741210938e+02,1.081647491455078125e+02,1.799995117187500000e+02,7.581272327021258972e-01,3.868485993963646230e-01,-5.861710060809822709e-01,4.991397564880416526e-01,-5.609761493612088756e-01,8.438577163029217232e-01,5.301194627567515916e-01,-6.988559413814285914e-01,7.334985661632026366e-01
1.950000000000000000e+01,1.157930003358206505e+02,1.095000000000000142e+02,1.800000000000000000e+02,1.134005813598632812e+02,1.087191390991210938e+02,1.799996337890625000e+02,7.580863210964253751e-01,3.868053598721594710e-01,-5.862147149204951502e-01,4.991347937715411298e-01,-5.609814577499282473e-01,8.438527958196240242e-01,5.301194627555193550e-01,-6.988559413830714995e-01,7.334985661615597285e-01
2.000000000000000000e+01,1.167297367630572893e+02,1.100000000000000000e+02,1.800000000000000000e+02,1.145137634277343750e+02,1.091634750366211080e+02,1.799996337890625000e+02,7.580509683075840055e-01,3.867671921372283217e-01,-5.862550544444554701e-01,4.991290731056113317e-01,-5.609867977511799886e-01,8.438470838668248319e-01,5.301194627542871185e-01,-6.988559413843037360e-01,7.334985661599168205e-01
2.050000000000000000e+01,1.176207880156464256e+02,1.105000000000000000e+02,1.800000000000000000e+02,1.155011672973632670e+02,1.097662124633789062e+02,1.799996337890625000e+02,7.580189900779118473e-01,3.867337602578109212e-01,-5.862911483186212802e-01,4.991244896133258391e-01,-5.609920229771819811e-01,8.438422063379262816e-01,5.301194627532547221e-01,-6.988559413853361324e-01,7.334985661588844241e-01
2.100000000000000000e+01,1.184683821858474460e+02,1.110000000000000000e+02,1.800000000000000000e+02,1.164369125366210795e+02,1.102195358276367188e+02,1.799996337890625000e+02,7.579896329601325533e-01,3.867031292537504439e-01,-5.863231717309452806e-01,4.991192803254758670e-01,-5.609969207170582006e-01,8.438366228665995505e-01,5.301194627522223257e-01,-6.988559413863685288e-01,7.334985661578520277e-01
2.150000000000000000e+01,1.192746387005779098e+02,1.115000000000000142e+02,1.800000000000000000e+02,1.173330993652343608e+02,1.108171920776367188e+02,1.799996337890625000e+02,7.579627923396052847e-01,3.866750454004002080e-01,-5.863524742201224882e-01,4.991152864335759443e-01,-5.610014858215832678e-01,8.438323307838588860e-01,5.301194627511899293e-01,-6.988559413874009252e-01,7.334985661568196313e-01
2.200000000000000000e+01,1.200415736210849218e+02,1.120000000000000000e+02,1.800000000000000000e+02,1.181967697143554830e+02,1.112305679321289062e+02,1.799996337890625000e+02,7.579385118903001484e-01,3.866494917644642815e-01,-5.863792114769403874e-01,4.991103984092964407e-01,-5.610058235426662598e-01,8.438273726751667203e-01,5.301194627501575329e-01,-6.988559413884333216e-01,7.334985661557872350e-01
2.250000000000000000e+01,1.207711046841483125e+02,1.125000000000000000e+02,1.800000000000000000e+02,1.190284118652343892e+02,1.118031234741210938e+02,1.799996337890625000e+02,7.579168022542593919e-01,3.866265100771887342e-01,-5.864033982480520990e-01,4.991064751125118826e-01,-5.610101553148607589e-01,8.438235285822366372e-01,5.301194627491251365e-01,-6.988559413894657180e-01,7.334985661547548386e-01
2.300000000000000000e+01,1.214650560974214812e+02,1.130000000000000000e+02,1.800000000000000000e+02,1.197926712036132670e+02,1.122661132812500000e+02,1.799996337890625000e+02,7.578969193326967613e-01,3.866057912673295793e-01,-5.864253310528219076e-01,4.991019339289429202e-01,-5.610144674847747925e-01,8.438187674492514390e-01,5.301194627480927402e-01,-6.988559413904981144e-01,7.334985661537224422e-01
2.350000000000000000e+01,1.221251631009008065e+02,1.135000000000000000e+02,1.800000000000000000e+02,1.204918899536132955e+02,1.127349624633789062e+02,1.799996337890625000e+02,7.578780682902869215e-01,3.865864888018411549e-01,-5.864454450039335853e-01,4.990974129628403810e-01,-5.610188043660645496e-01,8.438146492785730812e-01,5.301194627470603438e-01,-6.988559413915305107e-01,7.334985661526900458e-01
2.400000000000000000e+01,1.227530763059293122e+02,1.140000000000000142e+02,1.800000000000000000e+02,1.212188415527343892e+02,1.132501983642578125e+02,1.799996337890625000e+02,7.578612077711684991e-01,3.865685398973022213e-01,-5.864638237281911692e-01,4.990928741385724510e-01,-5.610234354188278205e-01,8.438102067931340100e-01,5.301194627460279474e-01,-6.988559413925629071e-01,7.334985661516576494e-01
2.450000000000000000e+01,1.233503658225849762e+02,1.145000000000000000e+02,1.800000000000000000e+02,1.218671798706054688e+02,1.136655273437500000e+02,1.799996337890625000e+02,7.578456103154611601e-01,3.865524056030313349e-01,-5.864809995283926103e-01,4.990874742163818323e-01,-5.610282874298087030e-01,8.438052561897323445e-01,5.301194627449955510e-01,-6.988559413935953035e-01,7.334985661506252530e-01
2.500000000000000000e+01,1.239185251857736461e+02,1.150000000000000000e+02,1.800000000000000000e+02,1.225085906982421875e+02,1.142204132080077983e+02,1.799996337890625000e+02,7.578314315467652440e-01,3.865374901933210650e-01,-5.864964283017740643e-01,4.990826207774627377e-01,-5.610334825692189220e-01,8.438005881829396815e-01,5.301194627439631546e-01,-6.988559413946276999e-01,7.334985661495928566e-01
2.550000000000000000e+01,1.244589750898443157e+02,1.154999999999999858e+02,1.800000000000000000e+02,1.231524353027343608e+02,1.146597671508789062e+02,1.799996337890625000e+02,7.578191480425757742e-01,3.865242346182859445e-01,-5.865103725543981961e-01,4.990768689668353963e-01,-5.610388192275033159e-01,8.437948758036897257e-01,5.301194627429307582e-01,-6.988559413956600963e-01,7.334985661485604602e-01
2.600000000000000000e+01,1.249730669410649284e+02,1.160000000000000142e+02,1.800000000000000000e+02,1.237142562866211080e+02,1.152597656250000000e+02,1.799995117187500000e+02,7.578079011971283752e-01,3.865125613368399771e-01,-5.865229696159310890e-01,4.990722358190567975e-01,-5.610440782685447436e-01,8.437899963480259835e-01,5.301194627413616800e-01,-6.988559413968369327e-01,7.334985661473836238e-01
2.650000000000000000e+01,1.254620862368419978e+02,1.165000000000000000e+02,1.800000000000000000e+02,1.242390594482421875e+02,1.157015609741210938e+02,1.799996337890625000e+02,7.577973132206686779e-01,3.865016635726203353e-01,-5.865342805803666071e-01,4.990668479857948703e-01,-5.610490733392489160e-01,8.437843264917871400e-01,5.301194627403292836e-01,-6.988559413982134982e-01,7.334985661463512274e-01
2.700000000000000000e+01,1.259272557801337911e+02,1.170000000000000000e+02,1.800000000000000000e+02,1.248036117553710795e+02,1.163111343383789062e+02,1.799995117187500000e+02,7.577881997224903410e-01,3.864917440143222915e-01,-5.865444903695464784e-01,4.990627833886633891e-01,-5.610537844653146200e-01,8.437799587976416715e-01,5.301194627384938629e-01,-6.988559413995900638e-01,7.334985661445158067e-01
2.750000000000000000e+01,1.263697387370944796e+02,1.175000000000000142e+02,1.800000000000000000e+02,1.253145446777343608e+02,1.167731475830077983e+02,1.799995117187500000e+02,7.577802270872466828e-01,3.864832541978058811e-01,-5.865537310835101659e-01,4.990581930830619850e-01,-5.610581348724003048e-01,8.437749163996979274e-01,5.301194627369247847e-01,-6.988559414011591420e-01,7.334985661433389703e-01
2.800000000000000000e+01,1.267906415455955766e+02,1.180000000000000142e+02,1.800000000000000000e+02,1.257770462036132670e+02,1.173133773803711080e+02,1.799995117187500000e+02,7.577729275468333414e-01,3.864756550787479816e-01,-5.865618231540132843e-01,4.990543277444161596e-01,-5.610622266844916828e-01,8.437710384338582559e-01,5.301194627350893640e-01,-6.988559414029945627e-01,7.334985661415035496e-01
2.850000000000000000e+01,1.271910166818967980e+02,1.185000000000000142e+02,1.800000000000000000e+02,1.261983337402343750e+02,1.178016586303710938e+02,1.799995117187500000e+02,7.577659717285354368e-01,3.864685527253876596e-01,-5.865692169933127698e-01,4.990502351336003062e-01,-5.610662506178882847e-01,8.437667787348160919e-01,5.301194627332539433e-01,-6.988559414048299834e-01,7.334985661396681289e-01
2.900000000000000000e+01,1.275718652923850271e+02,1.190000000000000000e+02,1.800000000000000000e+02,1.266280212402343608e+02,1.182182617187500142e+02,1.799995117187500000e+02,7.577596185500482528e-01,3.864618708038401462e-01,-5.865760396798643805e-01,4.990456172204829066e-01,-5.610703758857030765e-01,8.437627226924321322e-01,5.301194627314185226e-01,-6.988559414066654041e-01,7.334985661378327082e-01
2.950000000000000000e+01,1.279341396969616227e+02,1.195000000000000000e+02,1.800000000000000000e+02,1.270696258544921733e+02,1.187819366455078125e+02,1.799995117187500000e+02,7.577542188683427105e-01,3.864559756322292761e-01,-5.865822398951254790e-01,4.990414713380411649e-01,-5.610748894080740401e-01,8.437586906788158148e-01,5.301194627295831019e-01,-6.988559414085008248e-01,7.334985661359972875e-01
3.000000000000000000e+01,1.282787457703383609e+02,1.200000000000000142e+02,1.800000000000000000e+02,1.274281234741210795e+02,1.191482467651367045e+02,1.799995117187500000e+02,7.577491209255542426e-01,3.864507944347361224e-01,-5.865878965338010564e-01,4.990358419682732749e-01,-5.610796352006037768e-01,8.437535240487794574e-01,5.301194627277476812e-01,-6.988559414103362455e-01,7.334985661341618668e-01
3.050000000000000000e+01,1.284159723075963768e+02,1.205000000000000142e+02,1.440000000000000000e+02,1.278233337402343750e+02,1.197426757812500000e+02,1.799995117187500000e+02,7.577462986466036998e-01,3.864467435788963012e-01,-5.865920135443273287e-01,4.990313022886143646e-01,-5.610847409224848370e-01,8.437492197131679639e-01,5.259223223008803183e-01,-6.988558844822037042e-01,7.334986230622944081e-01
3.100000000000000000e+01,1.221530514348545324e+02,1.210000000000000000e+02,1.440000000000000000e+02,1.280668945312500000e+02,1.201789093017578125e+02,1.713307800292968750e+02,7.575917782302132863e-01,3.864622283925285284e-01,-5.865697879780991109e-01,4.990256566584189146e-01,-5.610899481090797503e-01,8.437433632544453221e-01,5.235208505959374481e-01,-7.020190510179434851e-01,7.334986659660682751e-01
3.150000000000000000e+01,1.161955768173828005e+02,1.215000000000000000e+02,1.440000000000000000e+02,1.252466735839843892e+02,1.208101577758789062e+02,1.666116333007812216e+02,7.570824586718583049e-01,3.861294470698106718e-01,-5.865364392667576920e-01,4.990215238453485913e-01,-5.610948672257284331e-01,8.437388261598456340e-01,5.182268227408500794e-01,-7.084179656320136464e-01,7.250701541786415127e-01
3.200000000000000000e+01,1.105286516655275477e+02,1.220000000000000000e+02,1.440000000000000000e+02,1.174505844116210938e+02,1.212100601196289062e+02,1.665339965820312216e+02,7.567112488927600911e-01,3.856440543688742228e-01,-5.868535871602666987e-01,4.990162917723935387e-01,-5.610994363137487007e-01,8.437333877631489898e-01,5.138714080891735314e-01,-7.127883860595685128e-01,7.197876079002654137e-01
3.250000000000000000e+01,1.051381057146396643e+02,1.225000000000000142e+02,1.440000000000000000e+02,1.111722640991210938e+02,1.219146499633789062e+02,1.511779479980468750e+02,7.564440669685646990e-01,3.853375633568038583e-01,-5.872543538117352968e-01,4.990131741032117763e-01,-5.611036436616028134e-01,8.437297135516381719e-01,5.129943847805542578e-01,-7.155416576413862195e-01,7.170248504302848547e-01
3.300000000000000000e+01,1.000104597920319094e+02,1.230000000000000142e+02,1.440000000000000000e+02,1.085534133911132812e+02,1.223752975463867188e+02,1.434451293945312500e+02,7.559838021088763904e-01,3.850124637258672267e-01,-5.876272836617224549e-01,4.990094504161085021e-01,-5.611071327792934715e-01,8.437250049276718844e-01,5.130485000076997482e-01,-7.162417060536191427e-01,7.148271626603530660e-01
3.350000000000000000e+01,9.513289211202632600e+01,1.235000000000000000e+02,1.440000000000000000e+02,1.048876876831054688e+02,1.228903350830078125e+02,1.354718017578125000e+02,7.553448122450796554e-01,3.844528558164115872e-01,-5.880225524314400820e-01,4.990064856013973205e-01,-5.611101707218959511e-01,8.437221583567910965e-01,5.130869895282665905e-01,-7.162392018079420941e-01,7.147947670980956403e-01
3.400000000000000000e+01,9.049320621481130900e+01,1.240000000000000284e+02,1.440000000000000000e+02,9.873671722412109375e+01,1.233492202758789062e+02,1.311343994140625000e+02,7.548399919397708047e-01,3.838554867011333416e-01,-5.885457101538301705e-01,4.990031077927542524e-01,-5.611133351281453185e-01,8.437189158996755145e-01,5.125330876886001752e-01,-7.166063657552319555e-01,7.147708782911104120e-01
3.450000000000000000e+01,8.607980046893941051e+01,1.245000000000000142e+02,1.440000000000000000e+02,9.327304077148437500e+01,1.237808609008789062e+02,1.311572265625000000e+02,7.544611483190960532e-01,3.834213288770531580e-01,-5.890594622207230291e-01,4.989992813109557224e-01,-5.611167978751607777e-01,8.437156719212700606e-01,5.115322755024156454e-01,-7.176089568163956933e-01,7.141062925014042273e-01
3.500000000000000000e+01,8.188163906120551871e+01,1.250000000000000142e+02,1.440000000000000000e+02,9.012548065185546875e+01,1.242171859741210795e+02,1.338144531250000000e+02,7.540071493386096835e-01,3.830251878634445273e-01,-5.895134429956689903e-01,4.989947990277222023e-01,-5.611209155647013391e-01,8.437119456479156288e-01,5.106307167012283932e-01,-7.187457161447191600e-01,7.129675126613859160e-01
3.550000000000000000e+01,7.788822440136570435e+01,1.255000000000000000e+02,1.440000000000000000e+02,8.940790557861326704e+01,1.243578109741210938e+02,1.347171020507812500e+02,7.531685831952109611e-01,3.824250838898106686e-01,-5.900370692737085809e-01,4.989866093092053534e-01,-5.611265284942408282e-01,8.437067892800440561e-01,5.098362660231309240e-01,-7.196174174890519470e-01,7.118684000650944421e-01
3.600000000000000000e+01,7.408957087269355668e+01,1.260000000000000000e+02,1.440000000000000000e+02,8.488251495361328125e+01,1.247404327392577983e+02,1.387276611328125000e+02,7.523362680057020802e-01,3.815367252037805690e-01,-5.906728063371418092e-01,4.989767166264206244e-01,-5.611354992844997946e-01,8.437006410328810047e-01,5.095142693646238508e-01,-7.201843503429914417e-01,7.112463398862184372e-01
3.650000000000000000e+01,7.047617986273715474e+01,1.265000000000000142e+02,1.440000000000000000e+02,7.753788757324218750e+01,1.252947311401367188e+02,1.425714111328125000e+02,7.519276607814149305e-01,3.809122197578485025e-01,-5.913393625220580985e-01,4.989652227423638231e-01,-5.611475109779392456e-01,8.436897487011602026e-01,5.094498511684721898e-01,-7.204220916324032276e-01,7.108277537172489335e-01
3.700000000000000000e+01,6.703901601184027470e+01,1.270000000000000142e+02,1.440000000000000000e+02,7.379970550537109375e+01,1.259279327392578267e+02,1.456327209472656250e+02,7.516059278572815305e-01,3.805761617458290891e-01,-5.918529854983071159e-01,4.989547864808300259e-01,-5.611592439181199987e-01,8.436774871819124888e-01,5.094791287195056251e-01,-7.204477087371111699e-01,7.107332114315580984e-01
3.750000000000000000e+01,6.376948462003698381e+01,1.275000000000000142e+02,1.440000000000000000e+02,7.236815643310546875e+01,1.266998062133789062e+02,1.476547851562500000e+02,7.511282894898536622e-01,3.802006194803981831e-01,-5.922452487007440203e-01,4.989478817839357871e-01,-5.611684945516658418e-01,8.436670871809470729e-01,5.094600320802329385e-01,-7.204562398768717957e-01,7.107406759595944479e-01
3.800000000000000000e+01,6.065941015582491502e+01,1.280000000000000000e+02,1.440000000000000000e+02,6.891600799560546875e+01,1.273403320312500000e+02,1.482738342285155966e+02,7.506468395837466723e-01,3.796992229224720461e-01,-5.926394707986396559e-01,4.989429231334185921e-01,-5.611745095190765475e-01,8.436590285709663073e-01,5.093722444609576350e-01,-7.205313117843616944e-01,7.107071387007215524e-01
3.850000000000000000e+01,5.770101581307810790e+01,1.285000000000000000e+02,1.440000000000000000e+02,6.389120483398437500e+01,1.280218811035156250e+02,1.481193542480468750e+02,7.503509504481106207e-01,3.793045600794059946e-01,-5.930504846726577517e-01,4.989402613826852684e-01,-5.611781819773552504e-01,8.436545737869910466e-01,5.092531517843791322e-01,-7.206548705576252267e-01,7.106014769585240476e-01
3.900000000000000000e+01,5.488690406498088237e+01,1.290000000000000284e+02,1.440000000000000000e+02,6.082167434692383523e+01,1.284984436035156250e+02,1.469638671875000000e+02,7.501034001414789154e-01,3.790463557821148188e-01,-5.933948827251301905e-01,4.989377956474227993e-01,-5.611805324899415970e-01,8.436513307487535362e-01,5.091702582470782890e-01,-7.207700807959436240e-01,7.104819462189102541e-01
3.950000000000000000e+01,5.221003816635766981e+01,1.295000000000000000e+02,1.440000000000000000e+02,5.894960403442382812e+01,1.289885711669921875e+02,1.455686645507812500e+02,7.498006075951738625e-01,3.787797207731864457e-01,-5.936729930860112914e-01,4.989357434147600467e-01,-5.611825451070501236e-01,8.436494121803179702e-01,5.091342956675815046e-01,-7.208380292360961894e-01,7.103875075420453822e-01
4.000000000000000000e+01,4.966372455814471465e+01,1.300000000000000000e+02,1.440000000000000000e+02,5.607870483398438211e+01,1.293191375732421875e+02,1.442215881347656250e+02,7.495098230906429571e-01,3.784742231352466457e-01,-5.939420101619389269e-01,4.989325784317014678e-01,-5.611849224795244506e-01,8.436470806997788952e-01,5.091312715437398273e-01,-7.208594375839421087e-01,7.103470581676476492e-01
4.050000000000000000e+01,4.724159613000596636e+01,1.305000000000000000e+02,1.440000000000000000e+02,5.254208374023437500e+01,1.297298889160156250e+02,1.431742248535156250e+02,7.493012993242557096e-01,3.782218546841183415e-01,-5.942071479684895019e-01,4.989287506731664434e-01,-5.611883066367187034e-01,8.436445386949678049e-01,5.091347938885004698e-01,-7.208603827683652820e-01,7.103403670273473747e-01
4.100000000000000000e+01,4.493759629924073806e+01,1.310000000000000000e+02,1.440000000000000000e+02,5.013270950317382812e+01,1.301058654785156250e+02,1.426267700195312500e+02,7.491131318321976318e-01,3.780298705210886623e-01,-5.944394991613745072e-01,4.989231904793671180e-01,-5.611930955882367122e-01,8.436403047380491849e-01,5.091302142662040842e-01,-7.208631366685324116e-01,7.103411060076908479e-01
4.150000000000000000e+01,4.274596386617218968e+01,1.315000000000000000e+02,1.440000000000000000e+02,4.829794311523437500e+01,1.305512695312500000e+02,1.424874267578125000e+02,7.489039574370579544e-01,3.778341412841146330e-01,-5.946391984469945324e-01,4.989166981459394190e-01,-5.611992143117666698e-01,8.436350347292339569e-01,5.091175812960750946e-01,-7.208746058475709040e-01,7.103342091563729088e-01
4.200000000000000000e+01,4.066121860814728706e+01,1.320000000000000000e+02,1.440000000000000000e+02,4.575106811523437500e+01,1.310993194580078125e+02,1.425177001953125000e+02,7.487187985439981430e-01,3.776321710037328638e-01,-5.948281866300088039e-01,4.989100920503444225e-01,-5.612061728324387877e-01,8.436284766458199691e-01,5.091017854013587529e-01,-7.208907243464122150e-01,7.103195755470826933e-01
4.250000000000000000e+01,3.867814757612566012e+01,1.325000000000000000e+02,1.440000000000000000e+02,4.329110717773437500e+01,1.316185607910156250e+02,1.429172973632812500e+02,7.485663449337288666e-01,3.774639566684475089e-01,-5.950116738819597462e-01,4.989034312296461993e-01,-5.612129790551884101e-01,8.436213073215161895e-01,5.090909571744270945e-01,-7.209055489881204259e-01,7.103044481374305441e-01
4.300000000000000000e+01,3.679179205959169963e+01,1.330000000000000284e+02,1.440000000000000000e+02,4.142724227905272727e+01,1.322209014892578125e+02,1.433822326660156250e+02,7.484178014582644201e-01,3.773161339071279818e-01,-5.951747786289807163e-01,4.988979787314326009e-01,-5.612191477817950469e-01,8.436150039350015506e-01,5.090857577365573983e-01,-7.209146615532906477e-01,7.102919723632761251e-01
4.350000000000000000e+01,3.499743518719535018e+01,1.335000000000000284e+02,1.440000000000000000e+02,3.961347198486328125e+01,1.327470703124999716e+02,1.438541259765625000e+02,7.482699482906066679e-01,3.771676589212237252e-01,-5.953225332330427388e-01,4.988928436873339978e-01,-5.612244612994796711e-01,8.436089924451061206e-01,5.090850008864858944e-01,-7.209178667658425743e-01,7.102863548890422374e-01
4.400000000000000000e+01,3.329059013211687557e+01,1.340000000000000000e+02,1.440000000000000000e+02,3.740468215942382812e+01,1.333621063232421875e+02,1.442396545410156250e+02,7.481479424073458340e-01,3.770307675627110333e-01,-5.954600003083010407e-01,4.988890519781794541e-01,-5.612289367951505126e-01,8.436043613991135448e-01,5.090854676789869915e-01,-7.209181508952395845e-01,7.102851516188780634e-01
4.450000000000000000e+01,3.166698889266268324e+01,1.345000000000000000e+02,1.440000000000000000e+02,3.549481964111327414e+01,1.338289031982421875e+02,1.444344787597656250e+02,7.480440488856644476e-01,3.769191044466206897e-01,-5.955852870178335312e-01,4.988850853260534124e-01,-5.612327071935527822e-01,8.435999110573180193e-01,5.090851535668899919e-01,-7.209183241566217148e-01,7.102852570804095711e-01
4.500000000000000000e+01,3.012257162003802691e+01,1.350000000000000000e+02,1.440000000000000000e+02,3.403485870361328836e+01,1.343166046142578125e+02,1.445160217285156250e+02,7.479388784011682390e-01,3.768162043255957605e-01,-5.956958824425891974e-01,4.988814246484105097e-01,-5.612363019925661334e-01,8.435964941142573004e-01,5.090837777236676409e-01,-7.209194825858580291e-01,7.102846181013554583e-01
4.550000000000000000e+01,2.865347646661031433e+01,1.355000000000000284e+02,1.440000000000000000e+02,3.242850875854492188e+01,1.347797851562500000e+02,1.445173034667968750e+02,7.478389881864573319e-01,3.767126822451028478e-01,-5.957971697444638393e-01,4.988773631912591933e-01,-5.612401558163253590e-01,8.435927096450418494e-01,5.090819555335371893e-01,-7.209213002610934673e-01,7.102830876594412590e-01
4.600000000000000000e+01,2.725602992927847623e+01,1.360000000000000000e+02,1.440000000000000000e+02,3.066073608398437500e+01,1.352266693115234091e+02,1.445007934570312500e+02,7.477558598853611960e-01,3.766205121702851377e-01,-5.958926909917845460e-01,4.988728284603957674e-01,-5.612443790813902433e-01,8.435887022854557937e-01,5.090800380588869078e-01,-7.209232809504778627e-01,7.102811118776702903e-01
4.650000000000000000e+01,2.592673766380180567e+01,1.365000000000000000e+02,1.440000000000000000e+02,2.918622398376464488e+01,1.357176818847656250e+02,1.443470764160156250e+02,7.476812984215353008e-01,3.765426287709172093e-01,-5.959790456826917771e-01,4.988680716517299718e-01,-5.612490812428880815e-01,8.435843230896488132e-01,5.090788764331227734e-01,-7.209249570499053350e-01,7.102793805210952938e-01
4.700000000000000000e+01,2.466227574711918180e+01,1.370000000000000000e+02,1.440000000000000000e+02,2.881708335876464844e+01,1.358396453857421875e+02,1.442994384765625000e+02,7.475703998041206555e-01,3.764556277445995081e-01,-5.960699228641530567e-01,4.988593654930756904e-01,-5.612549509878312914e-01,8.435785207775078343e-01,5.090779382412751186e-01,-7.209260444995468919e-01,7.102778114497316775e-01
4.750000000000000000e+01,2.345948236581009638e+01,1.375000000000000000e+02,1.440000000000000000e+02,2.729999351501464844e+01,1.363294982910156250e+02,1.441311645507812500e+02,7.474653282236269902e-01,3.763419574060840045e-01,-5.961590983321911619e-01,4.988504938261354993e-01,-5.612637457461739920e-01,8.435725912981175689e-01,5.090776857940990663e-01,-7.209266208168320089e-01,7.102771434456057742e-01
4.800000000000000000e+01,2.231534990991418255e+01,1.380000000000000284e+02,1.440000000000000000e+02,2.514931106567382812e+01,1.368841857910156250e+02,1.440262756347656250e+02,7.474032513810019429e-01,3.762578324681947195e-01,-5.962501078147034450e-01,4.988400537231751919e-01,-5.612746975321063481e-01,8.435617344533616890e-01,5.090776491954637217e-01,-7.209268035124590801e-01,7.102767263656866170e-01
4.850000000000000000e+01,2.122701745233973014e+01,1.385000000000000000e+02,1.440000000000000000e+02,2.385927200317382812e+01,1.375917968750000000e+02,1.439142761230468750e+02,7.473542560073108687e-01,3.762050826359991662e-01,-5.963215930283429778e-01,4.988320821302071328e-01,-5.612844913947975245e-01,8.435514605807713506e-01,5.090776751777784659e-01,-7.209268114764224578e-01,7.102766866106176025e-01
4.900000000000000000e+01,2.019176359505573615e+01,1.390000000000000000e+02,1.440000000000000000e+02,2.317743492126464844e+01,1.382541046142578125e+02,1.438474731445312500e+02,7.472950418400580164e-01,3.761528777064555573e-01,-5.963777983609233058e-01,4.988261127986833854e-01,-5.612917596600900394e-01,8.435425308232482600e-01,5.090776197404713876e-01,-7.209268426335644353e-01,7.102766961607419605e-01
4.950000000000000000e+01,1.920699966417933169e+01,1.395000000000000284e+02,1.440000000000000000e+02,2.208934974670410156e+01,1.389366302490234375e+02,1.438428955078125000e+02,7.472368160581696062e-01,3.760925647526321414e-01,-5.964309720126184100e-01,4.988225180547491422e-01,-5.612965190617242861e-01,8.435367357700545021e-01,5.090774836031131123e-01,-7.209269748042164139e-01,7.102766218775563578e-01
5.000000000000000000e+01,1.827026323694271781e+01,1.400000000000000284e+02,1.440000000000000000e+02,2.062763023376465199e+01,1.395168914794921875e+02,1.438422851562500000e+02,7.471955460113379743e-01,3.760421039109170249e-01,-5.964832416828151906e-01,4.988199563153332128e-01,-5.612995063956990327e-01,8.435327805725602035e-01,5.090773002973564276e-01,-7.209271574005855499e-01,7.102764446015942257e-01
5.050000000000000000e+01,1.737921198435357084e+01,1.405000000000000000e+02,1.440000000000000000e+02,1.962753295898437500e+01,1.399791107177734375e+02,1.438452148437500000e+02,7.471600914181197872e-01,3.760049297312151317e-01,-5.965286945122116880e-01,4.988176231080400091e-01,-5.613016703725016709e-01,8.435302570834876112e-01,5.090771187256223351e-01,-7.209273424090085758e-01,7.102762603091480331e-01
5.100000000000000000e+01,1.653161781415255760e+01,1.410000000000000000e+02,1.440000000000000000e+02,1.884560012817382457e+01,1.404123992919921875e+02,1.438508911132812500e+02,7.471234191424559468e-01,3.759692980645153448e-01,-5.965660543536522864e-01,4.988151143862347703e-01,-5.613038942743496795e-01,8.435281944840673507e-01,5.090769460732430529e-01,-7.209275216339098291e-01,7.102760776919773145e-01
5.150000000000000000e+01,1.572536129942209016e+01,1.415000000000000000e+02,1.440000000000000000e+02,1.792919349670410156e+01,1.407672882080078125e+02,1.438579101562500000e+02,7.470892591414562967e-01,3.759334307066204417e-01,-5.966009039428522565e-01,4.988115205984379186e-01,-5.613067763246687436e-01,8.435256396384016586e-01,5.090767864970502377e-01,-7.209276890929472437e-01,7.102759038581177853e-01
5.200000000000000000e+01,1.495842637891507287e+01,1.420000000000000284e+02,1.440000000000000000e+02,1.696913528442383168e+01,1.411424865722656250e+02,1.438873291015625000e+02,7.470604194965497769e-01,3.759018210898186219e-01,-5.966340934453573386e-01,4.988066954223897564e-01,-5.613108992494820759e-01,8.435223332448567035e-01,5.090766732609672829e-01,-7.209278318955480991e-01,7.102757540012647475e-01
5.250000000000000000e+01,1.422889531585168399e+01,1.425000000000000284e+02,1.440000000000000000e+02,1.615888214111328125e+01,1.415614318847656250e+02,1.439055786132812500e+02,7.470343245296325874e-01,3.758746346957548834e-01,-5.966638910209295377e-01,4.988004829017020358e-01,-5.613165752572467637e-01,8.435174833175130837e-01,5.090765865736746054e-01,-7.209279353375276367e-01,7.102756235500575777e-01
5.300000000000000000e+01,1.353494390257850455e+01,1.430000000000000000e+02,1.440000000000000000e+02,1.541864681243896484e+01,1.420529327392578125e+02,1.439556884765625000e+02,7.470095945541445071e-01,3.758492970872439054e-01,-5.966902883799221069e-01,4.987935822040251432e-01,-5.613234140268683614e-01,8.435112351436356848e-01,5.090765586355580075e-01,-7.209279948695749285e-01,7.102755525118162883e-01
5.350000000000000000e+01,1.287483689909919704e+01,1.435000000000000000e+02,1.440000000000000000e+02,1.464843177795410156e+01,1.426159210205078125e+02,1.439931640625000000e+02,7.469873977307543989e-01,3.758257222442467627e-01,-5.967144424735182362e-01,4.987869414651935895e-01,-5.613305279007194670e-01,8.435041851109197353e-01,5.090765556660096225e-01,-7.209280141186114044e-01,7.102755114949299564e-01
5.400000000000000000e+01,1.224692369407068959e+01,1.440000000000000000e+02,1.440000000000000000e+02,1.388632202148437322e+01,1.432009735107421875e+02,1.440026550292969034e+02,7.469683185704126815e-01,3.758050813173230975e-01,-5.967363648271356569e-01,4.987811112765175858e-01,-5.613369786846724718e-01,8.434972747257282188e-01,5.090765561602949019e-01,-7.209280153912538402e-01,7.102755032454797224e-01
5.450000000000000000e+01,1.164963417741501672e+01,1.445000000000000284e+02,1.440000000000000000e+02,1.320790386199951172e+01,1.438050842285156250e+02,1.440426025390625000e+02,7.469512504928877972e-01,3.757871246195683690e-01,-5.967557914098314820e-01,4.987764856732236907e-01,-5.613422972854472670e-01,8.434913899857245934e-01,5.090765516794083512e-01,-7.209280156705067943e-01,7.102755039644758073e-01
5.500000000000000000e+01,1.108147481422633795e+01,1.450000000000000000e+02,1.440000000000000000e+02,1.262987709045410156e+01,1.443409271240234091e+02,1.440439453125000000e+02,7.469346444448219380e-01,3.757704127471569455e-01,-5.967733733572634369e-01,4.987724585449084258e-01,-5.613465434243525287e-01,8.434865076998396827e-01,5.090765451527267116e-01,-7.209280219977620696e-01,7.102755035701554531e-01
5.550000000000000000e+01,1.054102491015567722e+01,1.455000000000000000e+02,1.440000000000000000e+02,1.198368549346923828e+01,1.448706054687500284e+02,1.440439453125000000e+02,7.469199036496440014e-01,3.757545915061311637e-01,-5.967892954213429579e-01,4.987690063907049831e-01,-5.613501583607496404e-01,8.434826961694203984e-01,5.090765309016880291e-01,-7.209280362488007521e-01,7.102754897545651147e-01
5.600000000000000000e+01,1.002693305893507336e+01,1.460000000000000284e+02,1.440000000000000000e+02,1.138270854949951172e+01,1.453154296875000000e+02,1.440437622070312500e+02,7.469069325199043652e-01,3.757407891194331495e-01,-5.968041094720127893e-01,4.987652628676151334e-01,-5.613536001590825331e-01,8.434790920772123890e-01,5.090765164768117357e-01,-7.209280507340322108e-01,7.102754752693336560e-01
5.650000000000000000e+01,9.537913763157995106e+00,1.465000000000000000e+02,1.440000000000000000e+02,1.088329505920410334e+01,1.457572326660156250e+02,1.440431823730468466e+02,7.468943922327849760e-01,3.757281519481189269e-01,-5.968175564985053194e-01,4.987611830840515958e-01,-5.613573602850079336e-01,8.434756350142182946e-01,5.090765023221327512e-01,-7.209280650787739386e-01,7.102754608645720502e-01
5.700000000000000000e+01,9.072744219866217819e+00,1.470000000000000284e+02,1.440000000000000000e+02,1.037333393096923828e+01,1.461602630615234375e+02,1.440426025390625000e+02,7.468825633837707922e-01,3.757159157201358513e-01,-5.968298872615723782e-01,4.987560850140754232e-01,-5.613618696493947180e-01,8.434714789658216416e-01,5.090764884687216663e-01,-7.209280791207343109e-01,7.102754466340623907e-01
5.750000000000000000e+01,8.630261262905522202e+00,1.475000000000000000e+02,1.440000000000000000e+02,9.794329643249509942e+00,1.466544952392578125e+02,1.440417175292968466e+02,7.468728328348450685e-01,3.757050439775218575e-01,-5.968411334209441366e-01,4.987506843380030142e-01,-5.613672334834041155e-01,8.434667345268139771e-01,5.090764751253310516e-01,-7.209280927471961586e-01,7.102754328221401181e-01
5.800000000000000000e+01,8.209358454404426908e+00,1.480000000000000000e+02,1.440000000000000000e+02,9.319330215454101562e+00,1.471518554687499716e+02,1.440408325195312500e+02,7.468641862785361241e-01,3.756959760145778815e-01,-5.968512648698389711e-01,4.987448372388403328e-01,-5.613730623840176293e-01,8.434609453895043352e-01,5.090764622816855711e-01,-7.209281058692166289e-01,7.102754194217447692e-01
5.850000000000000000e+01,7.808983318103192239e+00,1.485000000000000284e+02,1.440000000000000000e+02,8.876360893249511719e+00,1.476845703124999716e+02,1.440361328125000000e+02,7.468562084342575957e-01,3.756876798108076954e-01,-5.968599654051360837e-01,4.987392726505323060e-01,-5.613788502222757382e-01,8.434551755653513228e-01,5.090764515948309477e-01,-7.209281179460843569e-01,7.102754070831213129e-01
5.900000000000000000e+01,7.428134707614977295e+00,1.490000000000000000e+02,1.440000000000000000e+02,8.461615562438964844e+00,1.482470703125000000e+02,1.440356445312500000e+02,7.468487460897716979e-01,3.756799727119048971e-01,-5.968679800593137408e-01,4.987342674159592759e-01,-5.613842709367614647e-01,8.434495373730988010e-01,5.090764412352314361e-01,-7.209281284475962392e-01,7.102753952157033757e-01
5.950000000000000000e+01,7.065860303038371981e+00,1.495000000000000000e+02,1.440000000000000000e+02,8.049213409423829901e+00,1.487540130615234375e+02,1.440354614257812500e+02,7.468419494199343145e-01,3.756728295726725619e-01,-5.968753574834789744e-01,4.987294494711027593e-01,-5.613891337212528754e-01,8.434442709333448418e-01,5.090764316820076685e-01,-7.209281380501482150e-01,7.102753854816096224e-01
